coach_qid,startDate,endDate,origin,League
Q174614,1999-02-01T00:00:00Z,2001-06-17T00:00:00Z,Italian,Italy
Q180661,1988-01-01T00:00:00Z,1990-01-01T00:00:00Z,Italian,Italy
Q183108,2004-05-29T00:00:00Z,2006-07-04T00:00:00Z,Italian,Italy
Q191885,2024-07-01T00:00:00Z,2025-03-23T00:00:00Z,Italian,Italy
Q235068,2007-07-01T00:00:00Z,2009-05-18T00:00:00Z,Italian,Italy
Q26580,2011-05-31T00:00:00Z,2012-06-30T00:00:00Z,Italian,Italy
Q26580,2012-12-09T00:00:00Z,2014-07-15T00:00:00Z,Italian,Italy
Q276544,2025-03-23T00:00:00Z,,Foreign,Italy
Q354529,2014-07-16T00:00:00Z,2019-06-16T00:00:00Z,Italian,Italy
Q354529,2021-07-01T00:00:00Z,2024-05-17T00:00:00Z,Italian,Italy
Q3852721,2019-06-16T00:00:00Z,2020-08-08T00:00:00Z,Italian,Italy
Q43304,1994-07-01T00:00:00Z,1999-02-07T00:00:00Z,Italian,Italy
Q43304,2001-07-01T00:00:00Z,2004-05-28T00:00:00Z,Italian,Italy
Q43926,2020-08-01T00:00:00Z,2021-05-01T00:00:00Z,Italian,Italy
Q44420,1976-07-01T00:00:00Z,1986-05-03T00:00:00Z,Italian,Italy
Q44420,1991-07-01T00:00:00Z,1994-06-30T00:00:00Z,Italian,Italy
Q1024171,2009-01-01T00:00:00Z,2010-01-01T00:00:00Z,Italian,Italy
Q1337031,1980-07-01T00:00:00Z,1982-01-25T00:00:00Z,Italian,Italy
Q169092,1994-07-01T00:00:00Z,1997-01-27T00:00:00Z,Foreign,Italy
Q180661,1990-01-01T00:00:00Z,1994-01-01T00:00:00Z,Italian,Italy
Q180661,1997-01-01T00:00:00Z,1997-01-01T00:00:00Z,Italian,Italy
Q180661,2001-01-01T00:00:00Z,2001-01-01T00:00:00Z,Italian,Italy
Q218369,1997-07-01T00:00:00Z,1999-12-31T00:00:00Z,Foreign,Italy
Q2537282,1985-07-01T00:00:00Z,1986-06-30T00:00:00Z,Italian,Italy
Q276544,2024-03-18T00:00:00Z,2024-06-05T00:00:00Z,Foreign,Italy
Q314670,2016-04-03T00:00:00Z,2021-05-27T00:00:00Z,Italian,Italy
Q3852721,2021-06-09T00:00:00Z,2024-03-12T00:00:00Z,Italian,Italy
Q48330,2002-07-01T00:00:00Z,2004-06-30T00:00:00Z,Italian,Italy
Q923088,2014-06-12T00:00:00Z,2016-04-03T00:00:00Z,Italian,Italy
Q967859,1962-01-01T00:00:00Z,1964-01-01T00:00:00Z,Foreign,Italy
Q967859,1968-01-01T00:00:00Z,1971-01-01T00:00:00Z,Foreign,Italy
Q967859,1984-01-01T00:00:00Z,1985-01-01T00:00:00Z,Foreign,Italy
Q1280931,1973-07-01T00:00:00Z,1974-06-30T00:00:00Z,Italian,Italy
Q1280931,1991-10-06T00:00:00Z,1993-01-06T00:00:00Z,Italian,Italy
Q1407829,1986-07-01T00:00:00Z,1987-06-30T00:00:00Z,Italian,Italy
Q180661,2005-01-01T00:00:00Z,2005-01-01T00:00:00Z,Italian,Italy
Q218369,1987-07-01T00:00:00Z,1989-06-30T00:00:00Z,Foreign,Italy
Q235068,1993-07-01T00:00:00Z,1997-06-30T00:00:00Z,Italian,Italy
Q262203,2000-07-01T00:00:00Z,2001-02-25T00:00:00Z,Foreign,Italy
Q282551,2024-06-03T00:00:00Z,,Italian,Italy
Q294351,2010-06-04T00:00:00Z,2011-11-07T00:00:00Z,Foreign,Italy
Q297768,2012-06-11T00:00:00Z,2015-06-08T00:00:00Z,Italian,Italy
Q297768,2019-04-10T00:00:00Z,2019-12-21T00:00:00Z,Italian,Italy
Q3052298,2004-02-10T00:00:00Z,2004-10-25T00:00:00Z,Italian,Italy
Q44420,1998-07-01T00:00:00Z,2000-06-30T00:00:00Z,Italian,Italy
Q48330,2001-03-06T00:00:00Z,2002-01-14T00:00:00Z,Italian,Italy
Q578673,1985-07-01T00:00:00Z,1986-06-30T00:00:00Z,Italian,Italy
Q578673,1993-01-06T00:00:00Z,1993-04-30T00:00:00Z,Italian,Italy
Q604969,2019-12-23T00:00:00Z,,Italian,Italy
Q645692,2002-01-14T00:00:00Z,2002-03-31T00:00:00Z,Italian,Italy
Q923088,2017-06-06T00:00:00Z,2019-04-09T00:00:00Z,Italian,Italy
Q1080952,1993-07-01T00:00:00Z,1993-11-20T00:00:00Z,Italian,Italy
Q1080952,1998-02-20T00:00:00Z,1999-06-30T00:00:00Z,Italian,Italy
Q1317738,2021-01-01T00:00:00Z,,Italian,Italy
Q1407829,1969-04-14T00:00:00Z,1971-06-30T00:00:00Z,Italian,Italy
Q169092,2004-07-01T00:00:00Z,2005-06-30T00:00:00Z,Foreign,Italy
Q169092,2006-07-01T00:00:00Z,2007-01-04T00:00:00Z,Foreign,Italy
Q2631653,1995-07-01T00:00:00Z,1997-06-30T00:00:00Z,Italian,Italy
Q2704759,2024-11-11T00:00:00Z,,Italian,Italy
Q396154,2011-06-24T00:00:00Z,2011-12-04T00:00:00Z,Italian,Italy
Q10346582,2019-06-10T00:00:00Z,2021-06-30T00:00:00Z,Foreign,Italy
Q1280931,1989-07-01T00:00:00Z,1990-06-30T00:00:00Z,Italian,Italy
Q1637407,1964-01-01T00:00:00Z,1965-01-01T00:00:00Z,Foreign,Italy
Q168497,2024-01-16T00:00:00Z,2024-09-18T00:00:00Z,Italian,Italy
Q169092,1997-07-01T00:00:00Z,1999-06-06T00:00:00Z,Foreign,Italy
Q169092,2012-06-04T00:00:00Z,2013-02-02T00:00:00Z,Foreign,Italy
Q183108,1999-06-06T00:00:00Z,2004-05-28T00:00:00Z,Italian,Italy
Q218369,1984-07-01T00:00:00Z,1987-05-04T00:00:00Z,Foreign,Italy
Q222789,2011-07-01T00:00:00Z,2012-05-10T00:00:00Z,Foreign,Italy
Q235068,2009-09-01T00:00:00Z,2011-02-20T00:00:00Z,Italian,Italy
Q235068,2019-03-08T00:00:00Z,2019-06-10T00:00:00Z,Italian,Italy
Q235068,2024-11-14T00:00:00Z,2025-06-01T00:00:00Z,Italian,Italy
Q310078,1968-07-01T00:00:00Z,1971-04-05T00:00:00Z,Foreign,Italy
Q310078,1971-07-01T00:00:00Z,1973-04-10T00:00:00Z,Foreign,Italy
Q310813,2005-06-17T00:00:00Z,2009-08-31T00:00:00Z,Italian,Italy
Q310813,2016-01-14T00:00:00Z,2017-05-30T00:00:00Z,Italian,Italy
Q367846,2025-01-01T00:00:00Z,,Italian,Italy
Q396154,2017-06-13T00:00:00Z,2019-03-07T00:00:00Z,Italian,Italy
Q556688,2024-09-18T00:00:00Z,,Foreign,Italy
Q645692,1990-07-01T00:00:00Z,1992-06-30T00:00:00Z,Italian,Italy
Q79983,2021-07-01T00:00:00Z,2024-01-16T00:00:00Z,Foreign,Italy
Q923131,2013-07-01T00:00:00Z,2016-01-13T00:00:00Z,Foreign,Italy
Q967859,1964-01-01T00:00:00Z,1965-01-01T00:00:00Z,Foreign,Italy
Q1407829,1975-07-01T00:00:00Z,1977-06-30T00:00:00Z,Italian,Italy
Q1407829,1984-07-01T00:00:00Z,1986-06-30T00:00:00Z,Italian,Italy
Q192640,2022-10-06T00:00:00Z,,Foreign,Italy
Q218369,1992-07-01T00:00:00Z,1997-06-30T00:00:00Z,Foreign,Italy
Q235068,2019-10-11T00:00:00Z,2021-06-30T00:00:00Z,Italian,Italy
Q2631653,1999-07-01T00:00:00Z,2000-06-30T00:00:00Z,Italian,Italy
Q2704759,2016-07-04T00:00:00Z,2019-06-19T00:00:00Z,Italian,Italy
Q2704759,2022-01-19T00:00:00Z,2022-10-02T00:00:00Z,Italian,Italy
Q294302,2015-06-11T00:00:00Z,2015-11-10T00:00:00Z,Italian,Italy
Q294351,2013-11-20T00:00:00Z,2015-06-11T00:00:00Z,Foreign,Italy
Q297768,2015-11-15T00:00:00Z,2016-06-28T00:00:00Z,Italian,Italy
Q310813,1998-07-01T00:00:00Z,1998-12-14T00:00:00Z,Italian,Italy
Q310813,1999-02-01T00:00:00Z,1999-06-30T00:00:00Z,Italian,Italy
Q370838,2007-07-01T00:00:00Z,2009-06-30T00:00:00Z,Italian,Italy
Q396154,2020-01-01T00:00:00Z,2021-01-01T00:00:00Z,Italian,Italy
Q43926,2023-06-28T00:00:00Z,2024-08-29T00:00:00Z,Italian,Italy
Q1080952,1999-08-20T00:00:00Z,2000-06-30T00:00:00Z,Italian,Italy
Q1080952,2008-09-25T00:00:00Z,2009-05-20T00:00:00Z,Italian,Italy
Q126503,2021-06-01T00:00:00Z,2022-03-01T00:00:00Z,Italian,Italy
Q169092,2006-03-03T00:00:00Z,2006-06-30T00:00:00Z,Foreign,Italy
Q230529,2019-11-05T00:00:00Z,2019-12-02T00:00:00Z,Italian,Italy
Q2537282,1978-07-01T00:00:00Z,1980-06-30T00:00:00Z,Italian,Italy
Q2704759,2013-07-02T00:00:00Z,2013-09-24T00:00:00Z,Italian,Italy
Q3940276,2005-01-01T00:00:00Z,2006-01-01T00:00:00Z,Italian,Italy
Q511092,2018-09-18T00:00:00Z,2019-11-03T00:00:00Z,Italian,Italy
Q511092,2019-12-02T00:00:00Z,,Italian,Italy
Q954307,2020-02-05T00:00:00Z,,Foreign,Italy
Q1080952,1983-07-01T00:00:00Z,1987-06-30T00:00:00Z,Italian,Italy
Q192131,1946-01-01T00:00:00Z,1946-01-01T00:00:00Z,Italian,Italy
Q26580,2009-09-21T00:00:00Z,2010-01-07T00:00:00Z,Italian,Italy
Q3052298,1987-07-01T00:00:00Z,1990-06-30T00:00:00Z,Italian,Italy
Q3052298,1994-07-01T00:00:00Z,1998-06-30T00:00:00Z,Italian,Italy
Q43304,1992-07-01T00:00:00Z,1993-06-30T00:00:00Z,Italian,Italy
Q494319,2003-01-01T00:00:00Z,2004-01-01T00:00:00Z,Italian,Italy
Q645692,1981-07-01T00:00:00Z,1983-06-30T00:00:00Z,Italian,Italy
Q1280931,1983-07-01T00:00:00Z,1984-06-30T00:00:00Z,Italian,Italy
Q1337031,1984-07-01T00:00:00Z,1985-11-10T00:00:00Z,Italian,Italy
Q1407829,1977-07-01T00:00:00Z,1982-06-30T00:00:00Z,Italian,Italy
Q144048,2010-06-10T00:00:00Z,2010-12-23T00:00:00Z,Foreign,Italy
Q192131,1946-01-01T00:00:00Z,1948-01-01T00:00:00Z,Italian,Italy
Q192131,1955-01-01T00:00:00Z,1956-01-01T00:00:00Z,Italian,Italy
Q192131,1957-01-01T00:00:00Z,1957-01-01T00:00:00Z,Italian,Italy
Q203781,1995-10-16T00:00:00Z,1997-05-19T00:00:00Z,Foreign,Italy
Q203781,1999-04-27T00:00:00Z,1999-06-30T00:00:00Z,Foreign,Italy
Q210491,2025-06-06T00:00:00Z,,Foreign,Italy
Q219657,2016-08-01T00:00:00Z,2016-11-01T00:00:00Z,Foreign,Italy
Q235068,2011-09-22T00:00:00Z,2012-03-26T00:00:00Z,Italian,Italy
Q2537282,1997-07-01T00:00:00Z,1998-11-30T00:00:00Z,Italian,Italy
Q26580,2019-05-31T00:00:00Z,2021-05-26T00:00:00Z,Italian,Italy
Q282551,2025-06-06T00:00:00Z,,Italian,Italy
Q310078,1960-07-01T00:00:00Z,1968-06-30T00:00:00Z,Foreign,Italy
Q310078,1973-07-01T00:00:00Z,1974-02-05T00:00:00Z,Foreign,Italy
Q310813,2017-06-09T00:00:00Z,2019-05-30T00:00:00Z,Italian,Italy
Q314670,2021-05-28T00:00:00Z,2025-06-03T00:00:00Z,Italian,Italy
Q370838,2013-05-24T00:00:00Z,2014-11-14T00:00:00Z,Italian,Italy
Q43304,1999-07-01T00:00:00Z,2000-10-01T00:00:00Z,Italian,Italy
Q44420,1986-07-01T00:00:00Z,1991-06-30T00:00:00Z,Italian,Italy
Q48330,2004-07-01T00:00:00Z,2008-05-29T00:00:00Z,Italian,Italy
Q48330,2014-11-14T00:00:00Z,2016-08-08T00:00:00Z,Italian,Italy
Q645692,1994-07-01T00:00:00Z,1995-09-25T00:00:00Z,Italian,Italy
Q678243,1936-01-01T00:00:00Z,1938-01-01T00:00:00Z,Italian,Italy
Q79983,2008-06-02T00:00:00Z,2010-05-30T00:00:00Z,Foreign,Italy
Q923088,2016-11-08T00:00:00Z,2017-05-09T00:00:00Z,Italian,Italy
Q192131,1949-01-01T00:00:00Z,1951-01-01T00:00:00Z,Italian,Italy
Q113652572,2008-07-01T00:00:00Z,2009-06-01T00:00:00Z,Italian,Italy
Q1337031,1974-07-01T00:00:00Z,1980-06-30T00:00:00Z,Italian,Italy
Q1337031,1993-06-01T00:00:00Z,1995-03-18T00:00:00Z,Italian,Italy
Q1337031,1998-04-05T00:00:00Z,1999-02-13T00:00:00Z,Italian,Italy
Q227892,2018-05-14T00:00:00Z,2019-05-21T00:00:00Z,Italian,Italy
Q3852721,2008-08-23T00:00:00Z,2009-01-15T00:00:00Z,Italian,Italy
Q578673,1982-07-01T00:00:00Z,1983-06-30T00:00:00Z,Italian,Italy
Q578673,1984-07-01T00:00:00Z,1985-06-30T00:00:00Z,Italian,Italy
Q1317738,2018-12-19T00:00:00Z,2019-06-02T00:00:00Z,Italian,Italy
Q227892,2019-06-17T00:00:00Z,2021-03-22T00:00:00Z,Italian,Italy
Q230529,2021-03-23T00:00:00Z,2023-06-17T00:00:00Z,Italian,Italy
Q3862936,2017-06-14T00:00:00Z,2018-12-19T00:00:00Z,Italian,Italy
Q396154,2023-01-01T00:00:00Z,2024-01-01T00:00:00Z,Italian,Italy
Q174614,1995-01-01T00:00:00Z,1996-01-01T00:00:00Z,Italian,Italy
Q227892,2023-06-13T00:00:00Z,2024-06-12T00:00:00Z,Italian,Italy
Q1080952,1993-11-22T00:00:00Z,1994-06-30T00:00:00Z,Italian,Italy
Q1280931,1966-07-01T00:00:00Z,1968-02-18T00:00:00Z,Italian,Italy
Q1280931,1969-07-01T00:00:00Z,1971-06-30T00:00:00Z,Italian,Italy
Q1280931,1997-03-19T00:00:00Z,1997-10-05T00:00:00Z,Italian,Italy
Q227892,2024-06-12T00:00:00Z,2024-12-23T00:00:00Z,Italian,Italy
Q282551,2022-01-01T00:00:00Z,2024-01-01T00:00:00Z,Italian,Italy
Q10346582,2024-06-13T00:00:00Z,2024-12-29T00:00:00Z,Foreign,Italy
Q116980,2017-11-27T00:00:00Z,2019-05-28T00:00:00Z,Italian,Italy
Q126503,2014-06-01T00:00:00Z,2015-06-01T00:00:00Z,Italian,Italy
Q1280931,1981-07-01T00:00:00Z,1982-01-24T00:00:00Z,Italian,Italy
Q1337031,1982-07-01T00:00:00Z,1984-03-26T00:00:00Z,Italian,Italy
Q15149,1996-01-01T00:00:00Z,1996-01-01T00:00:00Z,Foreign,Italy
Q174614,2001-11-05T00:00:00Z,2009-05-31T00:00:00Z,Italian,Italy
Q183108,1987-04-05T00:00:00Z,1987-06-30T00:00:00Z,Italian,Italy
Q183108,1991-07-01T00:00:00Z,1996-06-30T00:00:00Z,Italian,Italy
Q183108,1997-07-01T00:00:00Z,1998-06-30T00:00:00Z,Italian,Italy
Q262203,2001-07-01T00:00:00Z,2001-11-05T00:00:00Z,Foreign,Italy
Q2704759,2019-06-19T00:00:00Z,2019-10-08T00:00:00Z,Italian,Italy
Q294259,1987-07-01T00:00:00Z,1991-06-30T00:00:00Z,Italian,Italy
Q294259,1996-12-01T00:00:00Z,1997-06-01T00:00:00Z,Italian,Italy
Q294351,2015-06-16T00:00:00Z,2016-04-12T00:00:00Z,Foreign,Italy
Q297768,2016-07-01T00:00:00Z,2017-11-27T00:00:00Z,Italian,Italy
Q317298,2024-12-30T00:00:00Z,,Foreign,Italy
Q354529,2010-05-25T00:00:00Z,2013-12-13T00:00:00Z,Italian,Italy
Q354529,2025-05-30T00:00:00Z,,Italian,Italy
Q44420,1975-10-02T00:00:00Z,1976-05-30T00:00:00Z,Italian,Italy
Q923088,2019-10-09T00:00:00Z,2024-06-01T00:00:00Z,Italian,Italy
Q1280931,1995-07-01T00:00:00Z,1996-02-25T00:00:00Z,Italian,Italy
Q191885,2019-10-22T00:00:00Z,2019-12-28T00:00:00Z,Italian,Italy
Q2537282,1975-02-03T00:00:00Z,1978-06-30T00:00:00Z,Italian,Italy
Q2537282,1980-07-01T00:00:00Z,1984-06-30T00:00:00Z,Italian,Italy
Q2537282,1987-07-01T00:00:00Z,1988-01-25T00:00:00Z,Italian,Italy
Q294718,2003-06-30T00:00:00Z,2003-09-21T00:00:00Z,Italian,Italy
Q41244,2021-11-07T00:00:00Z,2022-01-15T00:00:00Z,Foreign,Italy
Q4734615,2019-06-01T00:00:00Z,2019-10-21T00:00:00Z,Italian,Italy
Q494319,2017-02-19T00:00:00Z,2017-04-10T00:00:00Z,Italian,Italy
Q980528,1988-07-01T00:00:00Z,1990-06-30T00:00:00Z,Italian,Italy
Q980528,1993-12-22T00:00:00Z,1994-11-20T00:00:00Z,Italian,Italy
Q980528,2001-02-27T00:00:00Z,2001-12-29T00:00:00Z,Italian,Italy
Q235068,1986-07-01T00:00:00Z,1987-06-30T00:00:00Z,Italian,Italy
Q235068,1987-07-01T00:00:00Z,1988-01-25T00:00:00Z,Italian,Italy
Q235068,1988-05-09T00:00:00Z,1988-06-30T00:00:00Z,Italian,Italy
Q1080952,2001-12-20T00:00:00Z,2002-06-30T00:00:00Z,Italian,Italy
Q1080952,2005-11-11T00:00:00Z,2006-06-13T00:00:00Z,Italian,Italy
Q1080952,2007-11-13T00:00:00Z,2007-12-24T00:00:00Z,Italian,Italy
Q113652572,2020-08-01T00:00:00Z,2021-02-01T00:00:00Z,Italian,Italy
Q1280931,1974-12-09T00:00:00Z,1975-06-30T00:00:00Z,Italian,Italy
Q1280931,1993-07-01T00:00:00Z,1993-09-05T00:00:00Z,Italian,Italy
Q15149,1994-01-01T00:00:00Z,1996-01-01T00:00:00Z,Foreign,Italy
Q15149,1998-01-01T00:00:00Z,1999-01-01T00:00:00Z,Foreign,Italy
Q169092,2014-07-01T00:00:00Z,2014-12-23T00:00:00Z,Foreign,Italy
Q169092,2015-03-09T00:00:00Z,2015-04-21T00:00:00Z,Foreign,Italy
Q235068,1988-07-01T00:00:00Z,1991-06-30T00:00:00Z,Italian,Italy
Q235068,2022-12-23T00:00:00Z,2024-05-23T00:00:00Z,Italian,Italy
Q2631653,1997-07-01T00:00:00Z,1999-06-30T00:00:00Z,Italian,Italy
Q2631653,2002-07-01T00:00:00Z,2003-11-24T00:00:00Z,Italian,Italy
Q2704759,2006-07-01T00:00:00Z,2006-12-17T00:00:00Z,Italian,Italy
Q2704759,2007-02-26T00:00:00Z,2007-11-13T00:00:00Z,Italian,Italy
Q294302,2020-03-03T00:00:00Z,2020-08-02T00:00:00Z,Italian,Italy
Q294718,2010-11-16T00:00:00Z,2011-08-12T00:00:00Z,Italian,Italy
Q354529,2008-04-29T00:00:00Z,2010-03-13T00:00:00Z,Italian,Italy
Q370838,2021-09-15T00:00:00Z,2022-05-02T00:00:00Z,Italian,Italy
Q3940276,2018-01-01T00:00:00Z,2020-01-01T00:00:00Z,Italian,Italy
Q396154,2020-01-01T00:00:00Z,2021-02-01T00:00:00Z,Italian,Italy
Q44420,1995-07-01T00:00:00Z,1996-02-13T00:00:00Z,Italian,Italy
Q113652572,2015-07-01T00:00:00Z,2018-06-01T00:00:00Z,Italian,Italy
Q113652572,2021-07-01T00:00:00Z,2022-07-01T00:00:00Z,Italian,Italy
Q113652572,2024-02-01T00:00:00Z,2024-06-01T00:00:00Z,Italian,Italy
Q116980,2019-12-11T00:00:00Z,2021-05-23T00:00:00Z,Italian,Italy
Q144048,2013-05-27T00:00:00Z,2015-06-01T00:00:00Z,Foreign,Italy
Q169092,2000-07-01T00:00:00Z,2000-11-15T00:00:00Z,Foreign,Italy
Q174614,2018-05-23T00:00:00Z,2019-12-10T00:00:00Z,Italian,Italy
Q235068,1991-07-01T00:00:00Z,1992-11-22T00:00:00Z,Italian,Italy
Q2537282,1996-07-01T00:00:00Z,1997-04-30T00:00:00Z,Italian,Italy
Q2537282,2003-11-10T00:00:00Z,2004-06-30T00:00:00Z,Italian,Italy
Q258115,2024-01-06T00:00:00Z,,Foreign,Italy
Q2631653,2004-07-01T00:00:00Z,2005-01-16T00:00:00Z,Italian,Italy
Q26580,2024-06-05T00:00:00Z,,Italian,Italy
Q294718,2009-03-10T00:00:00Z,2009-10-06T00:00:00Z,Italian,Italy
Q3052298,2000-11-15T00:00:00Z,2001-05-23T00:00:00Z,Italian,Italy
Q310813,2021-06-01T00:00:00Z,2023-08-18T00:00:00Z,Italian,Italy
Q370838,2009-10-06T00:00:00Z,2013-05-20T00:00:00Z,Italian,Italy
Q370838,2023-11-14T00:00:00Z,2024-02-19T00:00:00Z,Italian,Italy
Q3852721,2015-05-11T00:00:00Z,2018-05-23T00:00:00Z,Italian,Italy
Q43304,1993-07-01T00:00:00Z,1994-06-30T00:00:00Z,Italian,Italy
Q613881,1961-01-01T00:00:00Z,1961-01-01T00:00:00Z,Italian,Italy
Q645692,1985-07-01T00:00:00Z,1989-06-30T00:00:00Z,Italian,Italy
Q645692,1992-11-22T00:00:00Z,1993-06-30T00:00:00Z,Italian,Italy
Q923131,2023-06-15T00:00:00Z,2023-11-14T00:00:00Z,Foreign,Italy
Q980528,2002-12-23T00:00:00Z,2003-03-11T00:00:00Z,Italian,Italy
Q169092,1987-07-01T00:00:00Z,1987-10-26T00:00:00Z,Foreign,Italy
Q174614,1996-01-01T00:00:00Z,1998-01-01T00:00:00Z,Italian,Italy
Q210491,2025-02-18T00:00:00Z,2025-06-01T00:00:00Z,Foreign,Italy
Q235068,2007-02-13T00:00:00Z,2007-06-30T00:00:00Z,Italian,Italy
Q294259,1985-07-01T00:00:00Z,1987-06-30T00:00:00Z,Italian,Italy
Q294259,2001-01-09T00:00:00Z,2001-02-01T00:00:00Z,Italian,Italy
Q294718,2012-01-09T00:00:00Z,2015-06-22T00:00:00Z,Italian,Italy
Q923088,2006-06-05T00:00:00Z,2007-02-12T00:00:00Z,Italian,Italy
Q116980,2017-07-01T00:00:00Z,2017-11-27T00:00:00Z,Italian,Italy
Q183108,1982-07-01T00:00:00Z,1986-06-30T00:00:00Z,Italian,Italy
Q1080952,2003-02-11T00:00:00Z,2003-06-30T00:00:00Z,Italian,Italy
Q116980,2013-06-19T00:00:00Z,2013-09-25T00:00:00Z,Italian,Italy
Q126503,2025-06-17T00:00:00Z,,Italian,Italy
Q2032119,2016-09-06T00:00:00Z,2016-11-30T00:00:00Z,Italian,Italy
Q294302,2009-07-01T00:00:00Z,2009-11-23T00:00:00Z,Italian,Italy
Q923088,2011-06-02T00:00:00Z,2011-08-31T00:00:00Z,Italian,Italy
Q116980,2015-08-20T00:00:00Z,2016-07-31T00:00:00Z,Italian,Italy
Q116980,2016-09-02T00:00:00Z,2017-06-30T00:00:00Z,Italian,Italy
Q126503,2024-07-03T00:00:00Z,2025-06-13T00:00:00Z,Italian,Italy
Q1337031,1991-09-16T00:00:00Z,1992-06-30T00:00:00Z,Italian,Italy
Q1407829,1994-02-07T00:00:00Z,1994-06-30T00:00:00Z,Italian,Italy
Q2537282,1984-07-01T00:00:00Z,1985-06-30T00:00:00Z,Italian,Italy
Q2537282,1986-07-01T00:00:00Z,1987-06-30T00:00:00Z,Italian,Italy
Q2631653,2007-07-02T00:00:00Z,2009-04-20T00:00:00Z,Italian,Italy
Q26696437,2010-11-30T00:00:00Z,2011-02-21T00:00:00Z,Italian,Italy
Q3940276,2022-07-01T00:00:00Z,,Italian,Italy
Q578673,1981-07-01T00:00:00Z,1982-06-30T00:00:00Z,Italian,Italy
Q102027,2024-04-01T00:00:00Z,2024-06-30T00:00:00Z,Italian,Italy
Q1080952,1987-12-20T00:00:00Z,1989-06-30T00:00:00Z,Italian,Italy
Q203781,2001-07-01T00:00:00Z,2001-12-10T00:00:00Z,Foreign,Italy
Q2631653,2001-12-12T00:00:00Z,2002-06-30T00:00:00Z,Italian,Italy
Q276544,2018-04-24T00:00:00Z,2018-06-07T00:00:00Z,Foreign,Italy
Q276544,2019-03-20T00:00:00Z,2019-11-01T00:00:00Z,Foreign,Italy
Q310813,2001-03-19T00:00:00Z,2001-06-30T00:00:00Z,Italian,Italy
Q310813,2002-07-01T00:00:00Z,2005-06-17T00:00:00Z,Italian,Italy
Q3838152,2019-11-01T00:00:00Z,,Italian,Italy
Q980528,1991-07-01T00:00:00Z,1992-02-26T00:00:00Z,Italian,Italy
Q230529,2018-06-21T00:00:00Z,2019-05-01T00:00:00Z,Italian,Italy
Q2631653,2006-12-25T00:00:00Z,2007-06-30T00:00:00Z,Italian,Italy
Q276544,2021-09-14T00:00:00Z,2022-05-28T00:00:00Z,Foreign,Italy
Q3852721,2007-12-01T00:00:00Z,2008-01-27T00:00:00Z,Italian,Italy
Q396154,2021-08-01T00:00:00Z,2021-09-01T00:00:00Z,Italian,Italy
Q494319,2010-11-09T00:00:00Z,2015-11-30T00:00:00Z,Italian,Italy
Q556688,2019-06-14T00:00:00Z,,Foreign,Italy
Q126503,2016-06-01T00:00:00Z,2018-06-01T00:00:00Z,Italian,Italy
Q2631653,1994-07-01T00:00:00Z,1994-09-12T00:00:00Z,Italian,Italy
Q2631653,1994-12-15T00:00:00Z,1995-04-10T00:00:00Z,Italian,Italy
Q294302,2018-10-12T00:00:00Z,2019-03-05T00:00:00Z,Italian,Italy
Q310813,1999-07-01T00:00:00Z,1999-11-01T00:00:00Z,Italian,Italy
Q310813,1999-11-29T00:00:00Z,2000-02-07T00:00:00Z,Italian,Italy
Q396154,2024-06-01T00:00:00Z,,Italian,Italy
Q1080952,1991-11-17T00:00:00Z,1992-06-30T00:00:00Z,Italian,Italy
Q1091404,2024-06-05T00:00:00Z,,Italian,Italy
Q126503,2018-06-01T00:00:00Z,2019-01-01T00:00:00Z,Italian,Italy
Q1280931,1980-07-01T00:00:00Z,1981-06-30T00:00:00Z,Italian,Italy
Q1280931,1990-10-28T00:00:00Z,1991-06-30T00:00:00Z,Italian,Italy
Q1407829,1992-07-01T00:00:00Z,1993-02-27T00:00:00Z,Italian,Italy
Q191885,2022-09-12T00:00:00Z,2024-05-24T00:00:00Z,Italian,Italy
Q294351,2008-11-03T00:00:00Z,2009-04-14T00:00:00Z,Foreign,Italy
Q294351,2019-01-28T00:00:00Z,,Foreign,Italy
Q294718,2015-10-28T00:00:00Z,2018-05-24T00:00:00Z,Italian,Italy
Q494319,2005-01-01T00:00:00Z,2006-01-01T00:00:00Z,Italian,Italy
Q923088,2011-10-04T00:00:00Z,2014-01-07T00:00:00Z,Italian,Italy
Q980528,1990-07-01T00:00:00Z,1990-10-22T00:00:00Z,Italian,Italy
Q102027,2022-09-21T00:00:00Z,2023-02-04T00:00:00Z,Italian,Italy
Q126503,2019-06-01T00:00:00Z,2021-05-01T00:00:00Z,Italian,Italy
Q2032119,2017-10-23T00:00:00Z,2018-06-30T00:00:00Z,Italian,Italy
Q126503,2022-07-01T00:00:00Z,2023-10-01T00:00:00Z,Italian,Italy
Q1317738,2020-01-01T00:00:00Z,2021-01-01T00:00:00Z,Italian,Italy
Q370838,2004-07-01T00:00:00Z,2007-05-28T00:00:00Z,Italian,Italy
Q980528,1978-07-01T00:00:00Z,1979-06-30T00:00:00Z,Italian,Italy
Q980528,1982-07-01T00:00:00Z,1983-06-30T00:00:00Z,Italian,Italy
Q1080952,2000-12-12T00:00:00Z,2001-03-27T00:00:00Z,Italian,Italy
Q126503,2023-10-10T00:00:00Z,2024-02-11T00:00:00Z,Italian,Italy
Q169092,2001-07-01T00:00:00Z,2002-12-29T00:00:00Z,Foreign,Italy
Q613881,1939-01-01T00:00:00Z,1939-01-01T00:00:00Z,Italian,Italy
Q923088,2003-07-01T00:00:00Z,2004-06-10T00:00:00Z,Italian,Italy
Q294718,2001-07-02T00:00:00Z,2001-12-03T00:00:00Z,Italian,Italy
Q294718,2002-03-20T00:00:00Z,2002-06-22T00:00:00Z,Italian,Italy
Q354529,2007-06-01T00:00:00Z,2007-06-17T00:00:00Z,Italian,Italy
Q294718,2002-06-22T00:00:00Z,2003-06-30T00:00:00Z,Italian,Italy
Q294718,2005-01-11T00:00:00Z,2006-02-06T00:00:00Z,Italian,Italy
Q370838,2003-07-01T00:00:00Z,2004-06-30T00:00:00Z,Italian,Italy
Q1080952,2004-10-31T00:00:00Z,2005-06-30T00:00:00Z,Italian,Italy
Q258115,2011-01-19T00:00:00Z,2011-06-01T00:00:00Z,Foreign,Italy
Q2704759,2010-05-30T00:00:00Z,2011-01-18T00:00:00Z,Italian,Italy
Q294302,2008-04-01T00:00:00Z,2009-06-30T00:00:00Z,Italian,Italy
Q294351,2009-12-08T00:00:00Z,2010-05-24T00:00:00Z,Foreign,Italy
Q297768,2011-06-09T00:00:00Z,2012-06-05T00:00:00Z,Italian,Italy
Q3940276,2012-01-01T00:00:00Z,2014-01-01T00:00:00Z,Italian,Italy
Q1080952,1994-10-02T00:00:00Z,1995-12-09T00:00:00Z,Italian,Italy
Q1280931,1975-07-01T00:00:00Z,1980-02-04T00:00:00Z,Italian,Italy
Q1280931,1984-07-01T00:00:00Z,1988-12-12T00:00:00Z,Italian,Italy
Q1407829,1982-07-01T00:00:00Z,1984-06-30T00:00:00Z,Italian,Italy
Q2537282,2000-07-01T00:00:00Z,2000-10-30T00:00:00Z,Italian,Italy
Q2631653,2011-06-06T00:00:00Z,2016-06-25T00:00:00Z,Italian,Italy
Q2704759,2020-08-07T00:00:00Z,2021-01-18T00:00:00Z,Italian,Italy
Q294351,2016-05-25T00:00:00Z,2018-01-04T00:00:00Z,Foreign,Italy
Q3052298,1990-07-01T00:00:00Z,1994-06-30T00:00:00Z,Italian,Italy
Q3052298,1998-07-01T00:00:00Z,2000-06-30T00:00:00Z,Italian,Italy
Q370838,2018-01-04T00:00:00Z,2020-02-04T00:00:00Z,Italian,Italy
Q3862936,2020-02-04T00:00:00Z,,Italian,Italy
Q980528,1995-12-09T00:00:00Z,1996-03-25T00:00:00Z,Italian,Italy
Q294302,2000-10-31T00:00:00Z,2001-01-18T00:00:00Z,Italian,Italy
Q294302,2016-12-08T00:00:00Z,2018-06-30T00:00:00Z,Italian,Italy
Q980528,1981-07-01T00:00:00Z,1981-07-31T00:00:00Z,Italian,Italy
Q43304,1982-07-01T00:00:00Z,1985-06-30T00:00:00Z,Italian,Italy
Q43304,1985-07-01T00:00:00Z,1986-06-30T00:00:00Z,Italian,Italy
Q2537282,2004-07-01T00:00:00Z,2004-11-10T00:00:00Z,Italian,Italy
Q26580,2010-05-23T00:00:00Z,2011-05-30T00:00:00Z,Italian,Italy
Q2704759,2008-07-01T00:00:00Z,2009-10-29T00:00:00Z,Italian,Italy
Q43304,1986-07-01T00:00:00Z,1987-06-30T00:00:00Z,Italian,Italy
Q494319,2007-06-01T00:00:00Z,2007-11-12T00:00:00Z,Italian,Italy
Q645692,1978-07-01T00:00:00Z,1979-06-30T00:00:00Z,Italian,Italy
Q2631653,1989-07-01T00:00:00Z,1992-06-30T00:00:00Z,Italian,Italy
Q370838,2002-07-01T00:00:00Z,2003-06-30T00:00:00Z,Italian,Italy
Q43304,1987-07-01T00:00:00Z,1988-06-30T00:00:00Z,Italian,Italy
Q2537282,1990-07-01T00:00:00Z,1992-06-30T00:00:00Z,Italian,Italy
Q43304,1988-07-01T00:00:00Z,1989-06-30T00:00:00Z,Italian,Italy
Q1280931,1971-07-01T00:00:00Z,1973-06-30T00:00:00Z,Italian,Italy
Q1407829,1973-07-01T00:00:00Z,1975-06-30T00:00:00Z,Italian,Italy
Q2704759,2011-06-04T00:00:00Z,2011-10-30T00:00:00Z,Italian,Italy
Q43304,1989-07-01T00:00:00Z,1991-01-26T00:00:00Z,Italian,Italy
Q2537282,2005-10-11T00:00:00Z,2006-06-30T00:00:00Z,Italian,Italy
Q43304,1991-07-01T00:00:00Z,1992-06-30T00:00:00Z,Italian,Italy
Q980528,1993-01-26T00:00:00Z,1993-06-30T00:00:00Z,Italian,Italy
Q168497,2022-10-11T00:00:00Z,2023-02-14T00:00:00Z,Italian,Italy
Q26696437,2014-12-08T00:00:00Z,2020-02-10T00:00:00Z,Italian,Italy
Q354529,2004-06-01T00:00:00Z,2005-04-30T00:00:00Z,Italian,Italy
Q43926,2020-07-01T00:00:00Z,2020-08-01T00:00:00Z,Italian,Italy
Q1080952,1976-07-01T00:00:00Z,1979-03-12T00:00:00Z,Italian,Italy
Q191885,2021-07-08T00:00:00Z,2022-06-28T00:00:00Z,Italian,Italy
Q2631653,1986-07-01T00:00:00Z,1986-12-08T00:00:00Z,Italian,Italy
Q494319,1999-01-01T00:00:00Z,2002-01-01T00:00:00Z,Italian,Italy
Q980528,1977-07-01T00:00:00Z,1978-06-30T00:00:00Z,Italian,Italy
Q169092,1983-07-01T00:00:00Z,1986-06-30T00:00:00Z,Foreign,Italy
Q169092,1986-07-01T00:00:00Z,1987-04-06T00:00:00Z,Foreign,Italy
Q169092,1989-07-01T00:00:00Z,1994-06-30T00:00:00Z,Foreign,Italy
Q169092,2010-07-21T00:00:00Z,2011-06-10T00:00:00Z,Foreign,Italy
Q2032119,2014-07-01T00:00:00Z,2016-08-14T00:00:00Z,Italian,Italy
Q169092,1988-07-01T00:00:00Z,1989-06-01T00:00:00Z,Foreign,Italy
Q2631653,2006-03-27T00:00:00Z,2006-06-30T00:00:00Z,Italian,Italy
Q980528,1974-07-01T00:00:00Z,1974-11-18T00:00:00Z,Italian,Italy
Q980528,1975-01-20T00:00:00Z,1975-06-30T00:00:00Z,Italian,Italy
Q980528,1980-07-01T00:00:00Z,1980-10-06T00:00:00Z,Italian,Italy
Q980528,1984-07-01T00:00:00Z,1988-06-30T00:00:00Z,Italian,Italy
Q1080952,1989-07-01T00:00:00Z,1990-02-17T00:00:00Z,Italian,Italy
Q1407829,1987-10-25T00:00:00Z,1988-06-30T00:00:00Z,Italian,Italy
Q169092,2003-07-01T00:00:00Z,2004-06-30T00:00:00Z,Foreign,Italy
Q3852721,2007-06-18T00:00:00Z,2007-07-23T00:00:00Z,Italian,Italy
Q645692,1983-11-21T00:00:00Z,1984-06-30T00:00:00Z,Italian,Italy
Q125438,2020-08-29T00:00:00Z,2020-11-29T00:00:00Z,Italian,Italy
Q1337031,1989-07-01T00:00:00Z,1989-09-25T00:00:00Z,Italian,Italy
Q169092,2011-06-22T00:00:00Z,2012-06-04T00:00:00Z,Foreign,Italy
Q169092,2017-02-17T00:00:00Z,2018-03-04T00:00:00Z,Foreign,Italy
Q3852721,2005-06-09T00:00:00Z,2006-05-30T00:00:00Z,Italian,Italy
Q396154,2010-01-12T00:00:00Z,2011-06-22T00:00:00Z,Italian,Italy
Q578673,1980-07-01T00:00:00Z,1981-06-30T00:00:00Z,Italian,Italy
Q980528,1993-10-05T00:00:00Z,1993-10-29T00:00:00Z,Italian,Italy
Q294259,1982-07-01T00:00:00Z,1983-06-30T00:00:00Z,Italian,Italy
Q294259,1984-07-01T00:00:00Z,1985-06-30T00:00:00Z,Italian,Italy
Q310078,1976-11-08T00:00:00Z,1976-12-20T00:00:00Z,Foreign,Italy
Q310078,1979-03-05T00:00:00Z,1979-04-30T00:00:00Z,Foreign,Italy
Q113652572,2012-06-01T00:00:00Z,2015-06-01T00:00:00Z,Italian,Italy
Q2537282,1988-07-01T00:00:00Z,1989-05-15T00:00:00Z,Italian,Italy
Q2704759,2015-06-15T00:00:00Z,2016-06-30T00:00:00Z,Italian,Italy
Q310813,1994-04-18T00:00:00Z,1994-06-30T00:00:00Z,Italian,Italy
Q310813,1995-07-01T00:00:00Z,1998-06-30T00:00:00Z,Italian,Italy
Q3852721,2012-05-25T00:00:00Z,2015-05-04T00:00:00Z,Italian,Italy
Q1080952,2003-09-29T00:00:00Z,2004-01-28T00:00:00Z,Italian,Italy
Q310813,2001-12-28T00:00:00Z,2002-06-30T00:00:00Z,Italian,Italy
Q980528,1998-04-01T00:00:00Z,1998-04-29T00:00:00Z,Italian,Italy
Q1080952,1979-07-01T00:00:00Z,1980-06-30T00:00:00Z,Italian,Italy
Q2537282,1989-07-01T00:00:00Z,1989-12-04T00:00:00Z,Italian,Italy
Q3052298,2001-10-20T00:00:00Z,2002-05-06T00:00:00Z,Italian,Italy
Q3052298,2002-11-25T00:00:00Z,2003-02-11T00:00:00Z,Italian,Italy
Q980528,1996-12-24T00:00:00Z,1997-04-02T00:00:00Z,Italian,Italy
Q1080952,1996-11-09T00:00:00Z,1997-06-30T00:00:00Z,Italian,Italy
Q1317738,2019-10-08T00:00:00Z,2020-01-08T00:00:00Z,Italian,Italy
Q2537282,1992-07-01T00:00:00Z,1996-06-30T00:00:00Z,Italian,Italy
Q2704759,2014-11-17T00:00:00Z,2015-06-14T00:00:00Z,Italian,Italy
Q3052298,1982-04-26T00:00:00Z,1986-06-30T00:00:00Z,Italian,Italy
Q3052298,2007-07-01T00:00:00Z,2008-06-30T00:00:00Z,Italian,Italy
Q3052298,2008-12-17T00:00:00Z,2009-03-26T00:00:00Z,Italian,Italy
Q494319,2018-04-24T00:00:00Z,2018-11-04T00:00:00Z,Italian,Italy
Q2537282,1999-07-01T00:00:00Z,2000-01-10T00:00:00Z,Italian,Italy
Q923088,2008-06-11T00:00:00Z,2009-06-05T00:00:00Z,Italian,Italy
Q2537282,2002-07-04T00:00:00Z,2003-06-22T00:00:00Z,Italian,Italy
Q2537282,2009-02-24T00:00:00Z,2009-06-09T00:00:00Z,Italian,Italy
Q2537282,2011-10-18T00:00:00Z,2012-03-20T00:00:00Z,Italian,Italy
Q1280931,1983-03-14T00:00:00Z,1983-06-30T00:00:00Z,Italian,Italy
Q230529,2017-06-13T00:00:00Z,2018-08-18T00:00:00Z,Italian,Italy
Q2631653,2009-06-27T00:00:00Z,2011-02-10T00:00:00Z,Italian,Italy
Q26580,2007-12-28T00:00:00Z,2009-06-23T00:00:00Z,Italian,Italy
Q3940276,2006-01-01T00:00:00Z,2007-01-01T00:00:00Z,Italian,Italy
Q1024171,2024-03-01T00:00:00Z,2024-06-03T00:00:00Z,Italian,Italy
Q2032119,2018-07-01T00:00:00Z,2021-05-24T00:00:00Z,Italian,Italy
Q230529,2024-06-03T00:00:00Z,,Italian,Italy
Q354529,2007-06-17T00:00:00Z,2008-04-28T00:00:00Z,Italian,Italy
Q396154,2012-06-19T00:00:00Z,2014-01-28T00:00:00Z,Italian,Italy
Q396154,2014-03-03T00:00:00Z,2017-06-12T00:00:00Z,Italian,Italy
Q494319,2008-07-01T00:00:00Z,2009-06-01T00:00:00Z,Italian,Italy
Q923088,2009-06-12T00:00:00Z,2010-06-09T00:00:00Z,Italian,Italy
Q980528,1973-07-01T00:00:00Z,1974-06-30T00:00:00Z,Italian,Italy
Q980528,1975-07-01T00:00:00Z,1976-06-30T00:00:00Z,Italian,Italy
Q980528,1981-08-01T00:00:00Z,1982-06-30T00:00:00Z,Italian,Italy
Q370838,2001-07-01T00:00:00Z,2002-06-30T00:00:00Z,Italian,Italy
Q980528,1976-07-01T00:00:00Z,1977-06-30T00:00:00Z,Italian,Italy
Q980528,1983-07-01T00:00:00Z,1984-06-30T00:00:00Z,Italian,Italy
Q1080952,1974-07-01T00:00:00Z,1975-06-30T00:00:00Z,Italian,Italy
Q1080952,1975-07-01T00:00:00Z,1976-06-30T00:00:00Z,Italian,Italy
Q1080952,1980-07-01T00:00:00Z,1983-06-30T00:00:00Z,Italian,Italy
Q1080952,1990-09-01T00:00:00Z,1991-06-30T00:00:00Z,Italian,Italy
Q1080952,2006-11-14T00:00:00Z,2007-06-15T00:00:00Z,Italian,Italy
Q1337031,1986-11-10T00:00:00Z,1988-12-19T00:00:00Z,Italian,Italy
Q1407829,1988-12-20T00:00:00Z,1990-01-27T00:00:00Z,Italian,Italy
Q2704759,2004-07-01T00:00:00Z,2005-06-30T00:00:00Z,Italian,Italy
Q578673,1990-01-28T00:00:00Z,1990-06-30T00:00:00Z,Italian,Italy
Q1080952,2010-03-28T00:00:00Z,2010-04-15T00:00:00Z,Italian,Italy
Q494319,2023-02-21T00:00:00Z,2023-06-01T00:00:00Z,Italian,Italy
Q645692,1979-12-10T00:00:00Z,1980-06-30T00:00:00Z,Italian,Italy
Q3052298,2012-01-30T00:00:00Z,2012-03-06T00:00:00Z,Italian,Italy
Q2631653,2018-10-10T00:00:00Z,2018-11-13T00:00:00Z,Italian,Italy
Q3940276,2014-01-01T00:00:00Z,2018-01-01T00:00:00Z,Italian,Italy
Q923088,2010-06-10T00:00:00Z,2011-06-02T00:00:00Z,Italian,Italy
Q3940276,2009-01-01T00:00:00Z,2011-01-01T00:00:00Z,Italian,Italy
Q494319,2002-01-01T00:00:00Z,2003-01-01T00:00:00Z,Italian,Italy
Q26580,2006-07-01T00:00:00Z,2006-10-31T00:00:00Z,Italian,Italy
Q26580,2007-03-13T00:00:00Z,2007-06-30T00:00:00Z,Italian,Italy
Q3852721,2006-10-01T00:00:00Z,2007-02-13T00:00:00Z,Italian,Italy
Q1407829,1971-07-01T00:00:00Z,1973-06-30T00:00:00Z,Italian,Italy
Q1407829,1990-07-01T00:00:00Z,1991-06-30T00:00:00Z,Italian,Italy
Q3052298,1986-07-01T00:00:00Z,1987-06-30T00:00:00Z,Italian,Italy
Q578673,1987-07-01T00:00:00Z,1988-01-04T00:00:00Z,Italian,Italy
Q645692,1984-07-01T00:00:00Z,1985-06-30T00:00:00Z,Italian,Italy
Q3052298,2006-01-30T00:00:00Z,2007-06-19T00:00:00Z,Italian,Italy
Q3052298,2009-09-28T00:00:00Z,2011-01-29T00:00:00Z,Italian,Italy
Q3052298,2011-02-19T00:00:00Z,2011-06-17T00:00:00Z,Italian,Italy
Q1280931,1968-07-01T00:00:00Z,1969-06-30T00:00:00Z,Italian,Italy
Q3940276,2007-01-01T00:00:00Z,2009-01-01T00:00:00Z,Italian,Italy
Q494319,1998-01-01T00:00:00Z,1999-01-01T00:00:00Z,Italian,Italy
Q645692,1980-07-01T00:00:00Z,1981-06-30T00:00:00Z,Italian,Italy
Q1407829,1991-07-01T00:00:00Z,1992-01-25T00:00:00Z,Italian,Italy
Q923088,2004-06-15T00:00:00Z,2006-01-22T00:00:00Z,Italian,Italy
Q923088,2006-02-08T00:00:00Z,2006-06-05T00:00:00Z,Italian,Italy
Q354529,2005-06-19T00:00:00Z,2005-09-26T00:00:00Z,Italian,Italy
Q354529,2006-03-17T00:00:00Z,2006-09-29T00:00:00Z,Italian,Italy
Q3852721,2010-02-24T00:00:00Z,2010-05-30T00:00:00Z,Italian,Italy
Q923088,2007-09-11T00:00:00Z,2008-06-11T00:00:00Z,Italian,Italy
Q2032119,2013-11-19T00:00:00Z,2014-06-30T00:00:00Z,Italian,Italy
Q396154,2008-06-23T00:00:00Z,2009-01-27T00:00:00Z,Italian,Italy
Q494319,2006-01-01T00:00:00Z,2007-01-01T00:00:00Z,Italian,Italy
Q494319,2020-01-20T00:00:00Z,2021-01-01T00:00:00Z,Italian,Italy
Q578673,1983-12-04T00:00:00Z,1984-02-26T00:00:00Z,Italian,Italy
Q2631653,1981-07-01T00:00:00Z,1982-06-30T00:00:00Z,Italian,Italy
Q2631653,1982-07-01T00:00:00Z,1983-06-30T00:00:00Z,Italian,Italy
Q2631653,1984-07-01T00:00:00Z,1986-06-30T00:00:00Z,Italian,Italy
Q2631653,1987-07-01T00:00:00Z,1989-06-30T00:00:00Z,Italian,Italy
Q2631653,1992-07-01T00:00:00Z,1993-06-30T00:00:00Z,Italian,Italy
Q3852721,2000-07-01T00:00:00Z,2003-06-30T00:00:00Z,Italian,Italy
Q3852721,2003-06-01T00:00:00Z,2005-05-30T00:00:00Z,Italian,Italy
Q113652572,2010-07-01T00:00:00Z,2011-06-01T00:00:00Z,Italian,Italy
Q3852721,2010-06-06T00:00:00Z,2011-05-24T00:00:00Z,Italian,Italy
Q113652572,2011-07-01T00:00:00Z,2011-12-01T00:00:00Z,Italian,Italy
Q3852721,2011-06-06T00:00:00Z,2011-11-13T00:00:00Z,Italian,Italy
Q3940276,2002-01-01T00:00:00Z,2005-01-01T00:00:00Z,Italian,Italy
Q3940276,2011-01-01T00:00:00Z,2012-01-01T00:00:00Z,Italian,Italy
Q1407829,1995-07-01T00:00:00Z,1996-06-30T00:00:00Z,Italian,Italy
Q1407829,2006-03-29T00:00:00Z,2006-06-30T00:00:00Z,Italian,Italy
