coach_qid,entity_qid,startDate,endDate
Q180661,Q2913263,1986-01-01T00:00:00Z,1988-01-01T00:00:00Z
Q180661,Q1422,1988-01-01T00:00:00Z,1990-01-01T00:00:00Z
Q180661,Q2609,1990-01-01T00:00:00Z,1994-01-01T00:00:00Z
Q180661,Q2609,1997-01-01T00:00:00Z,1997-01-01T00:00:00Z
Q180661,Q676899,1998-01-01T00:00:00Z,2000-01-01T00:00:00Z
Q180661,Q2609,2001-01-01T00:00:00Z,2001-01-01T00:00:00Z
Q180661,Q2052,2005-01-01T00:00:00Z,2005-01-01T00:00:00Z
Q68039,Q13391,,
Q218369,Q1140767,1977-01-01T00:00:00Z,1977-12-31T00:00:00Z
Q218369,Q201567,1979-01-01T00:00:00Z,1982-06-30T00:00:00Z
Q218369,Q131499,1982-07-01T00:00:00Z,1984-06-30T00:00:00Z
Q218369,Q2739,1984-07-01T00:00:00Z,1987-05-04T00:00:00Z
Q218369,Q2052,1987-07-01T00:00:00Z,1989-06-30T00:00:00Z
Q218369,Q131499,1989-07-01T00:00:00Z,1992-06-30T00:00:00Z
Q218369,Q1457,1992-07-01T00:00:00Z,1997-06-30T00:00:00Z
Q218369,Q2609,1997-07-01T00:00:00Z,1999-12-31T00:00:00Z
Q218369,Q47762,2001-01-12T00:00:00Z,2006-07-31T00:00:00Z
Q218369,Q50602,2007-07-06T00:00:00Z,2008-06-02T00:00:00Z
Q218369,Q164089,2008-08-20T00:00:00Z,2009-04-02T00:00:00Z
Q218369,Q175145,2010-03-29T00:00:00Z,2010-08-03T00:00:00Z
Q218369,Q19481,2010-10-02T00:00:00Z,2011-10-24T00:00:00Z
Q218369,Q1192340,2013-06-04T00:00:00Z,2014-11-10T00:00:00Z
Q218369,Q564216,2014-11-18T00:00:00Z,2016-11-03T00:00:00Z
Q218369,Q1139956,2015-12-05T00:00:00Z,2017-06-13T00:00:00Z
Q218369,Q219854,2018-10-27T00:00:00Z,2019-01-25T00:00:00Z
Q511092,Q6651,2018-09-18T00:00:00Z,2019-11-03T00:00:00Z
Q511092,Q6651,2019-12-02T00:00:00Z,
Q9354,Q9616,,
Q44464,Q104761,,
Q44464,Q43310,2023-09-10T00:00:00Z,2023-09-22T00:00:00Z
Q44464,Q1050607,2023-09-10T00:00:00Z,2023-09-22T00:00:00Z
Q192131,Q1886,1946-01-01T00:00:00Z,1946-01-01T00:00:00Z
Q192131,Q631,1946-01-01T00:00:00Z,1948-01-01T00:00:00Z
Q192131,Q172567,1948-01-01T00:00:00Z,1949-01-01T00:00:00Z
Q192131,Q777337,1949-01-01T00:00:00Z,1951-01-01T00:00:00Z
Q192131,Q676899,1952-01-01T00:00:00Z,1953-01-01T00:00:00Z
Q192131,Q631,1955-01-01T00:00:00Z,1956-01-01T00:00:00Z
Q192131,Q631,1957-01-01T00:00:00Z,1957-01-01T00:00:00Z
Q15802,Q768253,,
Q227892,Q19984972,2015-08-31T00:00:00Z,2017-11-17T00:00:00Z
Q227892,Q16344,2018-05-14T00:00:00Z,2019-05-21T00:00:00Z
Q227892,Q845043,2019-06-17T00:00:00Z,2021-03-22T00:00:00Z
Q227892,Q289707,2023-06-13T00:00:00Z,2024-06-12T00:00:00Z
Q227892,Q289482,2024-06-12T00:00:00Z,2024-12-23T00:00:00Z
Q484909,Q1543,,
Q484909,Q8760,,
Q222789,Q10467,2008-07-01T00:00:00Z,2011-06-30T00:00:00Z
Q222789,Q2739,2011-07-01T00:00:00Z,2012-05-10T00:00:00Z
Q222789,Q8749,2013-07-01T00:00:00Z,2014-06-30T00:00:00Z
Q222789,Q7156,2014-07-01T00:00:00Z,2017-06-30T00:00:00Z
Q222789,Q42267,2018-07-09T00:00:00Z,2019-06-19T00:00:00Z
Q222789,Q42267,2019-11-01T00:00:00Z,2022-12-08T00:00:00Z
Q222789,Q483020,2023-07-05T00:00:00Z,
Q41244,Q170403,2016-07-15T00:00:00Z,2021-08-01T00:00:00Z
Q41244,Q2074,2021-11-07T00:00:00Z,2022-01-15T00:00:00Z
Q235068,Q1948889,1986-07-01T00:00:00Z,1987-06-30T00:00:00Z
Q235068,Q15140971,1987-07-01T00:00:00Z,1988-01-25T00:00:00Z
Q235068,Q15140971,1988-05-09T00:00:00Z,1988-06-30T00:00:00Z
Q235068,Q1900,1988-07-01T00:00:00Z,1991-06-30T00:00:00Z
Q235068,Q2641,1991-07-01T00:00:00Z,1992-11-22T00:00:00Z
Q235068,Q2052,1993-07-01T00:00:00Z,1997-06-30T00:00:00Z
Q235068,Q10333,1997-09-20T00:00:00Z,1999-06-30T00:00:00Z
Q235068,Q8701,1999-07-01T00:00:00Z,2000-03-03T00:00:00Z
Q235068,Q9616,2000-09-18T00:00:00Z,2004-06-30T00:00:00Z
Q235068,Q10333,2004-07-01T00:00:00Z,2005-02-25T00:00:00Z
Q235068,Q2693,2007-02-13T00:00:00Z,2007-06-30T00:00:00Z
Q235068,Q1422,2007-07-01T00:00:00Z,2009-05-18T00:00:00Z
Q235068,Q2739,2009-09-01T00:00:00Z,2011-02-20T00:00:00Z
Q235068,Q631,2011-09-22T00:00:00Z,2012-03-26T00:00:00Z
Q235068,Q180305,2012-05-30T00:00:00Z,2014-05-20T00:00:00Z
Q235068,Q134925,2014-07-25T00:00:00Z,2014-11-15T00:00:00Z
Q235068,Q19481,2015-07-13T00:00:00Z,2017-02-23T00:00:00Z
Q235068,Q192071,2017-07-01T00:00:00Z,2018-05-17T00:00:00Z
Q235068,Q18708,2018-11-14T00:00:00Z,2019-02-28T00:00:00Z
Q235068,Q2739,2019-03-08T00:00:00Z,2019-06-10T00:00:00Z
Q235068,Q1457,2019-10-11T00:00:00Z,2021-06-30T00:00:00Z
Q235068,Q2714,2021-10-04T00:00:00Z,2022-01-24T00:00:00Z
Q235068,Q1900,2022-12-23T00:00:00Z,2024-05-23T00:00:00Z
Q235068,Q2739,2024-11-14T00:00:00Z,2025-06-01T00:00:00Z
Q183108,Q3299830,1982-07-01T00:00:00Z,1986-06-30T00:00:00Z
Q183108,Q1543,1987-04-05T00:00:00Z,1987-06-30T00:00:00Z
Q183108,Q1543,1991-07-01T00:00:00Z,1996-06-30T00:00:00Z
Q183108,Q8682,1996-07-01T00:00:00Z,1997-06-30T00:00:00Z
Q183108,Q1543,1997-07-01T00:00:00Z,1998-06-30T00:00:00Z
Q183108,Q2739,1999-06-06T00:00:00Z,2004-05-28T00:00:00Z
Q183108,Q1422,2004-05-29T00:00:00Z,2006-07-04T00:00:00Z
Q183108,Q8682,2006-07-06T00:00:00Z,2007-06-28T00:00:00Z
Q183108,Q47762,2006-12-14T00:00:00Z,2012-02-08T00:00:00Z
Q183108,Q726080,2012-07-16T00:00:00Z,2015-07-13T00:00:00Z
Q183108,Q925648,2017-06-11T00:00:00Z,2018-03-28T00:00:00Z
Q654036,Q19487,,
Q219657,Q47050,,
Q219657,Q81888,2010-12-06T00:00:00Z,2016-06-30T00:00:00Z
Q219657,Q631,2016-08-01T00:00:00Z,2016-11-01T00:00:00Z
Q219657,Q19467,2017-06-01T00:00:00Z,2017-09-11T00:00:00Z
Q219657,Q16836317,2018-12-01T00:00:00Z,
Q312143,Q19490,,
Q144048,Q6101985,1986-01-01T00:00:00Z,1993-01-01T00:00:00Z
Q144048,Q12217,1993-01-01T00:00:00Z,1994-01-01T00:00:00Z
Q144048,Q12217,1994-01-01T00:00:00Z,1995-01-01T00:00:00Z
Q144048,Q10319,1995-01-01T00:00:00Z,1996-01-01T00:00:00Z
Q144048,Q10286,1996-01-01T00:00:00Z,1996-01-01T00:00:00Z
Q144048,Q994224,1997-01-01T00:00:00Z,1999-01-01T00:00:00Z
Q144048,Q216661,2000-01-01T00:00:00Z,2001-01-01T00:00:00Z
Q144048,Q10333,2001-01-01T00:00:00Z,2004-06-01T00:00:00Z
Q144048,Q1130849,2004-06-16T00:00:00Z,2010-06-03T00:00:00Z
Q144048,Q631,2010-06-10T00:00:00Z,2010-12-23T00:00:00Z
Q144048,Q9616,2012-11-21T00:00:00Z,2013-05-27T00:00:00Z
Q144048,Q2641,2013-05-27T00:00:00Z,2015-06-01T00:00:00Z
Q144048,Q8682,2015-06-03T00:00:00Z,2016-01-04T00:00:00Z
Q144048,Q18716,2016-03-11T00:00:00Z,2019-06-30T00:00:00Z
Q144048,Q1157920,2019-07-02T00:00:00Z,2021-01-23T00:00:00Z
Q144048,Q5794,2021-06-30T00:00:00Z,2022-01-16T00:00:00Z
Q144048,Q8749,2023-06-23T00:00:00Z,2024-03-12T00:00:00Z
Q116980,Q2674,2013-06-19T00:00:00Z,2013-09-25T00:00:00Z
Q116980,Q931704,2014-07-01T00:00:00Z,2014-12-30T00:00:00Z
Q116980,Q289613,2015-08-20T00:00:00Z,2016-07-31T00:00:00Z
Q116980,Q289613,2016-09-02T00:00:00Z,2017-06-30T00:00:00Z
Q116980,Q3299830,2017-07-01T00:00:00Z,2017-11-27T00:00:00Z
Q116980,Q1543,2017-11-27T00:00:00Z,2019-05-28T00:00:00Z
Q116980,Q2641,2019-12-11T00:00:00Z,2021-05-23T00:00:00Z
Q116980,Q10333,2022-06-09T00:00:00Z,2023-01-30T00:00:00Z
Q116980,Q132885,2023-09-27T00:00:00Z,2024-02-19T00:00:00Z
Q116980,Q181216,2024-06-12T00:00:00Z,2025-06-05T00:00:00Z
Q116980,Q676899,2025-06-15T00:00:00Z,
Q276544,Q181216,2013-04-29T00:00:00Z,2015-02-04T00:00:00Z
Q276544,Q204888,2015-06-18T00:00:00Z,2016-03-09T00:00:00Z
Q276544,Q301332,2016-06-18T00:00:00Z,2017-02-15T00:00:00Z
Q276544,Q495299,2017-02-15T00:00:00Z,2017-12-18T00:00:00Z
Q276544,Q2798,2018-04-24T00:00:00Z,2018-06-07T00:00:00Z
Q276544,Q2798,2019-03-20T00:00:00Z,2019-11-01T00:00:00Z
Q276544,Q181216,2020-01-02T00:00:00Z,2020-08-21T00:00:00Z
Q276544,Q8639,2021-09-14T00:00:00Z,2022-05-28T00:00:00Z
Q276544,Q132885,2022-07-04T00:00:00Z,2023-06-01T00:00:00Z
Q276544,Q2609,2024-03-18T00:00:00Z,2024-06-05T00:00:00Z
Q276544,Q1422,2025-03-23T00:00:00Z,
Q79983,Q131499,2000-09-20T00:00:00Z,2000-12-05T00:00:00Z
Q79983,Q211401,2001-04-02T00:00:00Z,2002-01-06T00:00:00Z
Q79983,Q128446,2002-01-23T00:00:00Z,2004-06-30T00:00:00Z
Q79983,Q9616,2004-07-01T00:00:00Z,2007-09-20T00:00:00Z
Q79983,Q631,2008-06-02T00:00:00Z,2010-05-30T00:00:00Z
Q79983,Q8682,2010-05-31T00:00:00Z,2013-06-30T00:00:00Z
Q79983,Q9616,2013-07-01T00:00:00Z,2015-12-17T00:00:00Z
Q79983,Q18656,2016-05-27T00:00:00Z,2018-12-18T00:00:00Z
Q79983,Q18741,2019-11-19T00:00:00Z,2021-04-19T00:00:00Z
Q79983,Q2739,2021-07-01T00:00:00Z,2024-01-16T00:00:00Z
Q79983,Q6601875,2024-06-02T00:00:00Z,
Q44420,Q1543,1975-10-02T00:00:00Z,1976-05-30T00:00:00Z
Q44420,Q1422,1976-07-01T00:00:00Z,1986-05-03T00:00:00Z
Q44420,Q631,1986-07-01T00:00:00Z,1991-06-30T00:00:00Z
Q44420,Q1422,1991-07-01T00:00:00Z,1994-06-30T00:00:00Z
Q44420,Q15789,1994-07-01T00:00:00Z,1995-06-30T00:00:00Z
Q44420,Q1900,1995-07-01T00:00:00Z,1996-02-13T00:00:00Z
Q44420,Q15789,1996-07-01T00:00:00Z,1998-06-30T00:00:00Z
Q44420,Q2052,1998-07-01T00:00:00Z,2000-06-30T00:00:00Z
Q44420,Q676899,2000-07-05T00:00:00Z,2004-06-30T00:00:00Z
Q44420,Q131499,2004-07-01T00:00:00Z,2005-05-31T00:00:00Z
Q44420,Q4512,2005-07-01T00:00:00Z,2006-02-09T00:00:00Z
Q44420,Q994811,2006-06-01T00:00:00Z,2008-04-30T00:00:00Z
Q44420,Q163547,2008-05-01T00:00:00Z,2013-09-11T00:00:00Z
Q126503,Q1543,2014-06-01T00:00:00Z,2015-06-01T00:00:00Z
Q126503,Q501245,2016-06-01T00:00:00Z,2018-06-01T00:00:00Z
Q126503,Q1893,2018-06-01T00:00:00Z,2019-01-01T00:00:00Z
Q126503,Q652516,2019-06-01T00:00:00Z,2021-05-01T00:00:00Z
Q126503,Q6651,2021-06-01T00:00:00Z,2022-03-01T00:00:00Z
Q126503,Q8476,2022-07-01T00:00:00Z,2023-10-01T00:00:00Z
Q126503,Q847587,2023-10-10T00:00:00Z,2024-02-11T00:00:00Z
Q126503,Q289613,2024-07-03T00:00:00Z,2025-06-13T00:00:00Z
Q126503,Q2674,2025-06-17T00:00:00Z,
Q294718,Q944876,2001-07-02T00:00:00Z,2001-12-03T00:00:00Z
Q294718,Q944876,2002-03-20T00:00:00Z,2002-06-22T00:00:00Z
Q294718,Q6767,2002-06-22T00:00:00Z,2003-06-30T00:00:00Z
Q294718,Q2074,2003-06-30T00:00:00Z,2003-09-21T00:00:00Z
Q294718,Q6767,2005-01-11T00:00:00Z,2006-02-06T00:00:00Z
Q294718,Q676899,2006-07-13T00:00:00Z,2008-06-26T00:00:00Z
Q294718,Q2641,2009-03-10T00:00:00Z,2009-10-06T00:00:00Z
Q294718,Q1900,2010-11-16T00:00:00Z,2011-08-12T00:00:00Z
Q294718,Q2693,2012-01-09T00:00:00Z,2015-06-22T00:00:00Z
Q294718,Q1893,2015-10-28T00:00:00Z,2018-05-24T00:00:00Z
Q294718,Q1139956,2019-07-30T00:00:00Z,2020-08-11T00:00:00Z
Q102027,Q130521,2017-01-01T00:00:00Z,2021-09-01T00:00:00Z
Q102027,Q652516,2022-09-21T00:00:00Z,2023-02-04T00:00:00Z
Q102027,Q2798,2024-04-01T00:00:00Z,2024-06-30T00:00:00Z
Q102027,Q172803,2024-12-30T00:00:00Z,2025-04-09T00:00:00Z
Q3362674,Q9616,,
Q314511,Q1543,,
Q46741,Q1543,,
Q258115,Q276533,2006-02-19T00:00:00Z,2006-05-17T00:00:00Z
Q258115,Q214940,2006-05-18T00:00:00Z,2007-12-09T00:00:00Z
Q258115,Q15799,2008-01-01T00:00:00Z,2008-11-08T00:00:00Z
Q258115,Q218282,2009-04-20T00:00:00Z,2010-04-03T00:00:00Z
Q258115,Q2018,2011-01-19T00:00:00Z,2011-06-01T00:00:00Z
Q258115,Q276533,2011-06-23T00:00:00Z,2011-12-22T00:00:00Z
Q258115,Q8701,2011-12-23T00:00:00Z,2024-01-06T00:00:00Z
Q258115,Q2641,2024-01-06T00:00:00Z,
Q174614,Q289707,1995-01-01T00:00:00Z,1996-01-01T00:00:00Z
Q174614,Q2693,1996-01-01T00:00:00Z,1998-01-01T00:00:00Z
Q174614,Q1422,1999-02-01T00:00:00Z,2001-06-17T00:00:00Z
Q174614,Q1543,2001-11-05T00:00:00Z,2009-05-31T00:00:00Z
Q174614,Q9616,2009-06-01T00:00:00Z,2011-05-22T00:00:00Z
Q174614,Q483020,2011-12-30T00:00:00Z,2013-05-19T00:00:00Z
Q174614,Q8682,2013-06-25T00:00:00Z,2015-05-25T00:00:00Z
Q174614,Q15789,2016-07-01T00:00:00Z,2017-09-28T00:00:00Z
Q174614,Q2641,2018-05-23T00:00:00Z,2019-12-10T00:00:00Z
Q174614,Q5794,2019-12-21T00:00:00Z,2021-05-31T00:00:00Z
Q174614,Q8682,2021-06-01T00:00:00Z,2025-05-24T00:00:00Z
Q174614,Q83459,2025-05-26T00:00:00Z,
Q210491,Q2693,2025-02-18T00:00:00Z,2025-06-01T00:00:00Z
Q210491,Q631,2025-06-06T00:00:00Z,
Q262203,Q492826,1987-09-20T00:00:00Z,1989-06-30T00:00:00Z
Q262203,Q1423118,1989-07-01T00:00:00Z,1990-06-30T00:00:00Z
Q262203,Q1624749,1990-08-01T00:00:00Z,1993-10-26T00:00:00Z
Q262203,Q483856,1993-10-27T00:00:00Z,1996-06-30T00:00:00Z
Q262203,Q495299,1996-07-01T00:00:00Z,2000-06-30T00:00:00Z
Q262203,Q2052,2000-07-01T00:00:00Z,2001-02-25T00:00:00Z
Q262203,Q1543,2001-07-01T00:00:00Z,2001-11-05T00:00:00Z
Q262203,Q495299,2002-07-31T00:00:00Z,2004-03-24T00:00:00Z
Q262203,Q483856,2005-08-17T00:00:00Z,2006-01-19T00:00:00Z
Q262203,Q483856,2006-02-01T00:00:00Z,2009-10-20T00:00:00Z
Q262203,Q495299,2011-07-14T00:00:00Z,2013-09-25T00:00:00Z
Q262203,Q483856,2013-08-22T00:00:00Z,2017-07-26T00:00:00Z
Q262203,Q495299,2017-12-22T00:00:00Z,2022-01-10T00:00:00Z
Q262203,Q4122219,2023-12-26T00:00:00Z,2024-05-17T00:00:00Z
Q262203,Q2636005,2024-12-27T00:00:00Z,
Q294351,Q1893,2008-11-03T00:00:00Z,2009-04-14T00:00:00Z
Q294351,Q2018,2009-12-08T00:00:00Z,2010-05-24T00:00:00Z
Q294351,Q2052,2010-06-04T00:00:00Z,2011-11-07T00:00:00Z
Q294351,Q182740,2012-05-21T00:00:00Z,2013-11-20T00:00:00Z
Q294351,Q1457,2013-11-20T00:00:00Z,2015-06-11T00:00:00Z
Q294351,Q1543,2015-06-16T00:00:00Z,2016-04-12T00:00:00Z
Q294351,Q2768,2016-05-25T00:00:00Z,2018-01-04T00:00:00Z
Q294351,Q75729,2018-06-18T00:00:00Z,2018-06-27T00:00:00Z
Q294351,Q1893,2019-01-28T00:00:00Z,
Q294302,Q309095,1998-08-24T00:00:00Z,1999-09-30T00:00:00Z
Q294302,Q25230762,2000-10-31T00:00:00Z,2001-01-18T00:00:00Z
Q294302,Q1195647,2002-07-01T00:00:00Z,2003-09-10T00:00:00Z
Q294302,Q179658,2004-07-01T00:00:00Z,2005-05-20T00:00:00Z
Q294302,Q173009,2005-07-22T00:00:00Z,2006-06-12T00:00:00Z
Q294302,Q285722,2006-06-12T00:00:00Z,2006-11-30T00:00:00Z
Q294302,Q204237,2007-08-31T00:00:00Z,2007-11-24T00:00:00Z
Q294302,Q2018,2008-04-01T00:00:00Z,2009-06-30T00:00:00Z
Q294302,Q2674,2009-07-01T00:00:00Z,2009-11-23T00:00:00Z
Q294302,Q482764,2010-05-10T00:00:00Z,2009-12-23T00:00:00Z
Q294302,Q812723,2011-01-01T00:00:00Z,2013-06-13T00:00:00Z
Q294302,Q429630,2013-10-25T00:00:00Z,2014-05-14T00:00:00Z
Q294302,Q812740,2014-12-01T00:00:00Z,2016-02-21T00:00:00Z
Q294302,Q1457,2015-06-11T00:00:00Z,2015-11-10T00:00:00Z
Q294302,Q19500,2016-08-01T00:00:00Z,2016-10-25T00:00:00Z
Q294302,Q6690,2016-12-08T00:00:00Z,2018-06-30T00:00:00Z
Q294302,Q501245,2018-10-12T00:00:00Z,2019-03-05T00:00:00Z
Q294302,Q1900,2020-03-03T00:00:00Z,2020-08-02T00:00:00Z
Q294302,Q1191998,2024-01-05T00:00:00Z,2024-04-23T00:00:00Z
Q503297,Q6767,,
Q382987,Q1422,,
Q48330,Q2052,2001-03-06T00:00:00Z,2002-01-14T00:00:00Z
Q48330,Q2609,2002-07-01T00:00:00Z,2004-06-30T00:00:00Z
Q48330,Q631,2004-07-01T00:00:00Z,2008-05-29T00:00:00Z
Q48330,Q50602,2009-12-19T00:00:00Z,2013-05-13T00:00:00Z
Q48330,Q495299,2013-09-30T00:00:00Z,2014-06-11T00:00:00Z
Q48330,Q631,2014-11-14T00:00:00Z,2016-08-08T00:00:00Z
Q48330,Q29108,2017-07-01T00:00:00Z,2018-05-13T00:00:00Z
Q48330,Q676899,2018-05-14T00:00:00Z,2023-08-13T00:00:00Z
Q48330,Q189723,2023-08-28T00:00:00Z,2024-10-24T00:00:00Z
Q297768,Q2018,2011-06-09T00:00:00Z,2012-06-05T00:00:00Z
Q297768,Q2052,2012-06-11T00:00:00Z,2015-06-08T00:00:00Z
Q297768,Q1457,2015-11-15T00:00:00Z,2016-06-28T00:00:00Z
Q297768,Q1543,2016-07-01T00:00:00Z,2017-11-27T00:00:00Z
Q297768,Q10329,2017-12-30T00:00:00Z,2018-04-28T00:00:00Z
Q297768,Q2052,2019-04-10T00:00:00Z,2019-12-21T00:00:00Z
Q297768,Q352251,2021-09-01T00:00:00Z,2023-06-12T00:00:00Z
Q297768,Q483856,2023-09-21T00:00:00Z,
Q314440,Q18723,,
Q469096,Q501245,,
Q314053,Q922698,,
Q312633,Q1543,,
Q43304,Q62024581,1982-07-01T00:00:00Z,1985-06-30T00:00:00Z
Q43304,Q1056821,1985-07-01T00:00:00Z,1986-06-30T00:00:00Z
Q43304,Q2756,1986-07-01T00:00:00Z,1987-06-30T00:00:00Z
Q43304,Q1279917,1987-07-01T00:00:00Z,1988-06-30T00:00:00Z
Q43304,Q650365,1988-07-01T00:00:00Z,1989-06-30T00:00:00Z
Q43304,Q6664,1989-07-01T00:00:00Z,1991-01-26T00:00:00Z
Q43304,Q298333,1991-07-01T00:00:00Z,1992-06-30T00:00:00Z
Q43304,Q1886,1992-07-01T00:00:00Z,1993-06-30T00:00:00Z
Q43304,Q2641,1993-07-01T00:00:00Z,1994-06-30T00:00:00Z
Q43304,Q1422,1994-07-01T00:00:00Z,1999-02-07T00:00:00Z
Q43304,Q631,1999-07-01T00:00:00Z,2000-10-01T00:00:00Z
Q43304,Q1422,2001-07-01T00:00:00Z,2004-05-28T00:00:00Z
Q43304,Q676899,2004-07-01T00:00:00Z,2006-07-12T00:00:00Z
Q43304,Q676899,2008-07-01T00:00:00Z,2010-06-30T00:00:00Z
Q43304,Q130521,2012-05-17T00:00:00Z,2014-11-02T00:00:00Z
Q43304,Q130582,2016-10-22T00:00:00Z,2019-01-25T00:00:00Z
Q342698,Q1135735,1979-01-01T00:00:00Z,1980-01-01T00:00:00Z
Q342698,Q179075,2020-07-01T00:00:00Z,2023-11-03T00:00:00Z
Q342698,Q168397,2024-08-06T00:00:00Z,
Q342698,Q5340416,2024-08-06T00:00:00Z,
Q168497,Q13385,2022-10-11T00:00:00Z,2023-02-14T00:00:00Z
Q168497,Q2739,2024-01-16T00:00:00Z,2024-09-18T00:00:00Z
Q449873,Q483020,,
Q43926,Q56025745,2020-07-01T00:00:00Z,2020-08-01T00:00:00Z
Q43926,Q1422,2020-08-01T00:00:00Z,2021-05-01T00:00:00Z
Q43926,Q1398111,2022-06-12T00:00:00Z,2023-05-24T00:00:00Z
Q43926,Q1457,2023-06-28T00:00:00Z,2024-08-29T00:00:00Z
Q342484,Q16320,,
Q296350,Q1543,,
Q318041,Q1543,,
Q314078,Q1422,,
Q218380,Q1886,,
Q332742,Q297680,,
Q192640,Q173009,2019-12-21T00:00:00Z,2022-08-26T00:00:00Z
Q192640,Q1457,2022-10-06T00:00:00Z,
Q191885,Q2074,2019-10-22T00:00:00Z,2019-12-28T00:00:00Z
Q191885,Q8615,2021-07-08T00:00:00Z,2022-06-28T00:00:00Z
Q191885,Q1893,2022-09-12T00:00:00Z,2024-05-24T00:00:00Z
Q191885,Q1422,2024-07-01T00:00:00Z,2025-03-23T00:00:00Z
Q203781,Q584858,1976-01-01T00:00:00Z,1980-09-30T00:00:00Z
Q203781,Q19456,1982-01-03T00:00:00Z,1982-04-30T00:00:00Z
Q203781,Q260559,1983-01-01T00:00:00Z,1984-06-30T00:00:00Z
Q203781,Q204881,1985-04-14T00:00:00Z,1989-11-15T00:00:00Z
Q203781,Q335195,1990-07-01T00:00:00Z,1991-12-31T00:00:00Z
Q203781,Q165141,1992-01-26T00:00:00Z,1995-11-15T00:00:00Z
Q203781,Q631,1995-10-16T00:00:00Z,1997-05-19T00:00:00Z
Q203781,Q19446,1997-06-01T00:00:00Z,1998-11-21T00:00:00Z
Q203781,Q631,1999-04-27T00:00:00Z,1999-06-30T00:00:00Z
Q203781,Q201360,1999-08-02T00:00:00Z,2000-06-30T00:00:00Z
Q203781,Q188430,2000-07-01T00:00:00Z,2001-06-30T00:00:00Z
Q203781,Q2798,2001-07-01T00:00:00Z,2001-12-10T00:00:00Z
Q203781,Q235910,2002-04-11T00:00:00Z,2004-04-30T00:00:00Z
Q203781,Q211177,2004-07-11T00:00:00Z,2005-12-20T00:00:00Z
Q203781,Q186532,2006-01-01T00:00:00Z,2007-11-29T00:00:00Z
Q203781,Q18708,2007-12-30T00:00:00Z,2010-07-01T00:00:00Z
Q203781,Q1130849,2010-07-01T00:00:00Z,2011-01-08T00:00:00Z
Q203781,Q18744,2011-02-14T00:00:00Z,2012-05-14T00:00:00Z
Q203781,Q47762,2012-05-14T00:00:00Z,2016-06-27T00:00:00Z
Q203781,Q19467,2017-09-12T00:00:00Z,2021-05-23T00:00:00Z
Q203781,Q2714,2022-01-25T00:00:00Z,2022-05-22T00:00:00Z
Q203781,Q19467,2023-03-21T00:00:00Z,2024-02-15T00:00:00Z
Q312999,Q1543,,
Q169092,Q1082282,1983-07-01T00:00:00Z,1986-06-30T00:00:00Z
Q169092,Q139399,1986-07-01T00:00:00Z,1987-04-06T00:00:00Z
Q169092,Q2693,1987-07-01T00:00:00Z,1987-10-26T00:00:00Z
Q169092,Q29390,1988-07-01T00:00:00Z,1989-06-01T00:00:00Z
Q169092,Q139399,1989-07-01T00:00:00Z,1994-06-30T00:00:00Z
Q169092,Q2609,1994-07-01T00:00:00Z,1997-01-27T00:00:00Z
Q169092,Q2739,1997-07-01T00:00:00Z,1999-06-06T00:00:00Z
Q169092,Q6601875,1999-10-12T00:00:00Z,2000-03-01T00:00:00Z
Q169092,Q2641,2000-07-01T00:00:00Z,2000-11-15T00:00:00Z
Q169092,Q847587,2001-07-01T00:00:00Z,2002-12-29T00:00:00Z
Q169092,Q298217,2003-07-01T00:00:00Z,2004-06-30T00:00:00Z
Q169092,Q13391,2004-07-01T00:00:00Z,2005-06-30T00:00:00Z
Q169092,Q6651,2006-03-03T00:00:00Z,2006-06-30T00:00:00Z
Q169092,Q13391,2006-07-01T00:00:00Z,2007-01-04T00:00:00Z
Q169092,Q173009,2008-06-17T00:00:00Z,2008-09-07T00:00:00Z
Q169092,Q139399,2010-07-21T00:00:00Z,2011-06-10T00:00:00Z
Q169092,Q2710,2011-06-22T00:00:00Z,2012-06-04T00:00:00Z
Q169092,Q2739,2012-06-04T00:00:00Z,2013-02-02T00:00:00Z
Q169092,Q1900,2014-07-01T00:00:00Z,2014-12-23T00:00:00Z
Q169092,Q1900,2015-03-09T00:00:00Z,2015-04-21T00:00:00Z
Q169092,Q633521,2015-07-01T00:00:00Z,2016-06-30T00:00:00Z
Q169092,Q2710,2017-02-17T00:00:00Z,2018-03-04T00:00:00Z
Q1335292,Q16344,,
Q31575,Q1128631,,
Q31575,Q134916,2023-01-01T00:00:00Z,
Q310078,Q1474354,1945-07-01T00:00:00Z,1948-06-30T00:00:00Z
Q310078,Q10319,1948-07-01T00:00:00Z,1949-06-30T00:00:00Z
Q310078,Q8701,1949-07-01T00:00:00Z,1953-01-26T00:00:00Z
Q310078,Q124518,1953-02-10T00:00:00Z,1953-05-03T00:00:00Z
Q310078,Q8760,1953-07-01T00:00:00Z,1953-12-31T00:00:00Z
Q310078,Q10329,1954-01-01T00:00:00Z,1957-06-30T00:00:00Z
Q310078,Q216510,1957-07-01T00:00:00Z,1958-06-30T00:00:00Z
Q310078,Q7156,1958-04-25T00:00:00Z,1960-06-30T00:00:00Z
Q310078,Q631,1960-07-01T00:00:00Z,1968-06-30T00:00:00Z
Q310078,Q2739,1968-07-01T00:00:00Z,1971-04-05T00:00:00Z
Q310078,Q2739,1971-07-01T00:00:00Z,1973-04-10T00:00:00Z
Q310078,Q631,1973-07-01T00:00:00Z,1974-02-05T00:00:00Z
Q310078,Q289713,1976-11-08T00:00:00Z,1976-12-20T00:00:00Z
Q310078,Q289713,1979-03-05T00:00:00Z,1979-04-30T00:00:00Z
Q310078,Q7156,1980-03-06T00:00:00Z,1980-06-30T00:00:00Z
Q310078,Q7156,1980-11-06T00:00:00Z,1981-06-30T00:00:00Z
Q1444249,Q19615,,
Q1444249,Q622430,,
Q2298680,Q18732,,
Q369133,Q2798,,
Q1408093,Q289656,,
Q317298,Q621259,2012-01-02T00:00:00Z,2013-01-07T00:00:00Z
Q317298,Q243235,2013-04-01T00:00:00Z,2014-06-30T00:00:00Z
Q317298,Q75684,2014-07-01T00:00:00Z,2015-06-30T00:00:00Z
Q317298,Q223450,2015-09-23T00:00:00Z,2016-06-30T00:00:00Z
Q317298,Q192071,2016-12-08T00:00:00Z,2017-06-30T00:00:00Z
Q317298,Q128446,2017-07-01T00:00:00Z,2024-06-04T00:00:00Z
Q317298,Q1543,2024-12-30T00:00:00Z,
Q316633,Q1543,,
Q310813,Q6703,1994-04-18T00:00:00Z,1994-06-30T00:00:00Z
Q310813,Q6703,1995-07-01T00:00:00Z,1998-06-30T00:00:00Z
Q310813,Q1457,1998-07-01T00:00:00Z,1998-12-14T00:00:00Z
Q310813,Q1457,1999-02-01T00:00:00Z,1999-06-30T00:00:00Z
Q310813,Q501245,1999-07-01T00:00:00Z,1999-11-01T00:00:00Z
Q310813,Q501245,1999-11-29T00:00:00Z,2000-02-07T00:00:00Z
Q310813,Q2798,2001-03-19T00:00:00Z,2001-06-30T00:00:00Z
Q310813,Q20706646,2001-12-28T00:00:00Z,2002-06-30T00:00:00Z
Q310813,Q2798,2002-07-01T00:00:00Z,2005-06-17T00:00:00Z
Q310813,Q2739,2005-06-17T00:00:00Z,2009-08-31T00:00:00Z
Q310813,Q29108,2009-12-11T00:00:00Z,2014-03-10T00:00:00Z
Q310813,Q2739,2016-01-14T00:00:00Z,2017-05-30T00:00:00Z
Q310813,Q631,2017-06-09T00:00:00Z,2019-05-30T00:00:00Z
Q310813,Q2641,2021-06-01T00:00:00Z,2023-08-18T00:00:00Z
Q310813,Q676899,2023-08-18T00:00:00Z,2025-06-08T00:00:00Z
Q505701,Q8476,,
Q294259,Q289713,1982-07-01T00:00:00Z,1983-06-30T00:00:00Z
Q294259,Q289713,1984-07-01T00:00:00Z,1985-06-30T00:00:00Z
Q294259,Q2693,1985-07-01T00:00:00Z,1987-06-30T00:00:00Z
Q294259,Q1543,1987-07-01T00:00:00Z,1991-06-30T00:00:00Z
Q294259,Q676899,1991-10-31T00:00:00Z,1996-10-31T00:00:00Z
Q294259,Q1543,1996-12-01T00:00:00Z,1997-06-01T00:00:00Z
Q294259,Q8701,1998-07-01T00:00:00Z,1999-02-14T00:00:00Z
Q294259,Q2693,2001-01-09T00:00:00Z,2001-02-01T00:00:00Z
Q314670,Q2609,2016-04-03T00:00:00Z,2021-05-27T00:00:00Z
Q314670,Q631,2021-05-28T00:00:00Z,2025-06-03T00:00:00Z
Q314670,Q73965,2025-06-04T00:00:00Z,
Q2537282,Q2074,1975-02-03T00:00:00Z,1978-06-30T00:00:00Z
Q2537282,Q6651,1978-07-01T00:00:00Z,1980-06-30T00:00:00Z
Q2537282,Q2074,1980-07-01T00:00:00Z,1984-06-30T00:00:00Z
Q2537282,Q289613,1984-07-01T00:00:00Z,1985-06-30T00:00:00Z
Q2537282,Q2609,1985-07-01T00:00:00Z,1986-06-30T00:00:00Z
Q2537282,Q289613,1986-07-01T00:00:00Z,1987-06-30T00:00:00Z
Q2537282,Q2074,1987-07-01T00:00:00Z,1988-01-25T00:00:00Z
Q2537282,Q6703,1988-07-01T00:00:00Z,1989-05-15T00:00:00Z
Q2537282,Q1136016,1989-07-01T00:00:00Z,1989-12-04T00:00:00Z
Q2537282,Q650365,1990-07-01T00:00:00Z,1992-06-30T00:00:00Z
Q2537282,Q759482,1992-07-01T00:00:00Z,1996-06-30T00:00:00Z
Q2537282,Q2641,1996-07-01T00:00:00Z,1997-04-30T00:00:00Z
Q2537282,Q631,1997-07-01T00:00:00Z,1998-11-30T00:00:00Z
Q2537282,Q459794,1999-07-01T00:00:00Z,2000-01-10T00:00:00Z
Q2537282,Q2768,2000-07-01T00:00:00Z,2000-10-30T00:00:00Z
Q2537282,Q136433,2001-12-11T00:00:00Z,2002-05-15T00:00:00Z
Q2537282,Q289029,2002-07-04T00:00:00Z,2003-06-22T00:00:00Z
Q2537282,Q2641,2003-11-10T00:00:00Z,2004-06-30T00:00:00Z
Q2537282,Q2756,2004-07-01T00:00:00Z,2004-11-10T00:00:00Z
Q2537282,Q298333,2005-10-11T00:00:00Z,2006-06-30T00:00:00Z
Q2537282,Q298314,2009-02-24T00:00:00Z,2009-06-09T00:00:00Z
Q2537282,Q298314,2011-10-18T00:00:00Z,2012-03-20T00:00:00Z
Q1376936,Q1543,,
Q125438,Q2710,2020-08-29T00:00:00Z,2020-11-29T00:00:00Z
Q230529,Q6641,2017-06-13T00:00:00Z,2018-08-18T00:00:00Z
Q230529,Q8639,2018-06-21T00:00:00Z,2019-05-01T00:00:00Z
Q230529,Q6651,2019-11-05T00:00:00Z,2019-12-02T00:00:00Z
Q230529,Q321061,2020-08-25T00:00:00Z,2021-03-05T00:00:00Z
Q230529,Q845043,2021-03-23T00:00:00Z,2023-06-17T00:00:00Z
Q230529,Q704,2023-09-16T00:00:00Z,2023-11-30T00:00:00Z
Q230529,Q8603,2024-06-03T00:00:00Z,
Q311619,Q1543,,
Q980528,Q3831677,1973-07-01T00:00:00Z,1974-06-30T00:00:00Z
Q980528,Q29390,1974-07-01T00:00:00Z,1974-11-18T00:00:00Z
Q980528,Q29390,1975-01-20T00:00:00Z,1975-06-30T00:00:00Z
Q980528,Q3831677,1975-07-01T00:00:00Z,1976-06-30T00:00:00Z
Q980528,Q1052365,1976-07-01T00:00:00Z,1977-06-30T00:00:00Z
Q980528,Q8615,1977-07-01T00:00:00Z,1978-06-30T00:00:00Z
Q980528,Q8476,1978-07-01T00:00:00Z,1979-06-30T00:00:00Z
Q980528,Q29390,1980-07-01T00:00:00Z,1980-10-06T00:00:00Z
Q980528,Q6690,1981-07-01T00:00:00Z,1981-07-31T00:00:00Z
Q980528,Q3831677,1981-08-01T00:00:00Z,1982-06-30T00:00:00Z
Q980528,Q8476,1982-07-01T00:00:00Z,1983-06-30T00:00:00Z
Q980528,Q3607383,1983-07-01T00:00:00Z,1984-06-30T00:00:00Z
Q980528,Q29390,1984-07-01T00:00:00Z,1988-06-30T00:00:00Z
Q980528,Q2074,1988-07-01T00:00:00Z,1990-06-30T00:00:00Z
Q980528,Q1893,1990-07-01T00:00:00Z,1990-10-22T00:00:00Z
Q980528,Q2798,1991-07-01T00:00:00Z,1992-02-26T00:00:00Z
Q980528,Q298333,1993-01-26T00:00:00Z,1993-06-30T00:00:00Z
Q980528,Q2710,1993-10-05T00:00:00Z,1993-10-29T00:00:00Z
Q980528,Q2074,1993-12-22T00:00:00Z,1994-11-20T00:00:00Z
Q980528,Q2768,1995-12-09T00:00:00Z,1996-03-25T00:00:00Z
Q980528,Q1136016,1996-12-24T00:00:00Z,1997-04-02T00:00:00Z
Q980528,Q20706646,1998-04-01T00:00:00Z,1998-04-29T00:00:00Z
Q980528,Q27971,1998-07-01T00:00:00Z,2001-02-14T00:00:00Z
Q980528,Q2074,2001-02-27T00:00:00Z,2001-12-29T00:00:00Z
Q980528,Q276089,2002-01-13T00:00:00Z,2002-09-19T00:00:00Z
Q980528,Q2641,2002-12-23T00:00:00Z,2003-03-11T00:00:00Z
Q967859,Q8835,1958-01-01T00:00:00Z,1960-01-01T00:00:00Z
Q967859,Q218282,1961-01-01T00:00:00Z,1962-01-01T00:00:00Z
Q967859,Q79800,1962-01-01T00:00:00Z,1962-01-01T00:00:00Z
Q967859,Q2609,1962-01-01T00:00:00Z,1964-01-01T00:00:00Z
Q967859,Q2739,1964-01-01T00:00:00Z,1965-01-01T00:00:00Z
Q967859,Q218282,1965-01-01T00:00:00Z,1965-01-01T00:00:00Z
Q967859,Q79800,1966-01-01T00:00:00Z,1966-01-01T00:00:00Z
Q967859,Q15799,1967-01-01T00:00:00Z,1967-01-01T00:00:00Z
Q967859,Q8835,1968-01-01T00:00:00Z,1968-01-01T00:00:00Z
Q967859,Q2609,1968-01-01T00:00:00Z,1971-01-01T00:00:00Z
Q967859,Q218282,1972-01-01T00:00:00Z,1973-01-01T00:00:00Z
Q967859,Q8701,1973-01-01T00:00:00Z,1974-01-01T00:00:00Z
Q967859,Q80899,1975-01-01T00:00:00Z,1976-01-01T00:00:00Z
Q967859,Q170703,1976-01-01T00:00:00Z,1979-01-01T00:00:00Z
Q967859,Q276533,1980-01-01T00:00:00Z,1980-01-01T00:00:00Z
Q967859,Q220621,1981-01-01T00:00:00Z,1981-01-01T00:00:00Z
Q967859,Q218282,1981-01-01T00:00:00Z,1982-01-01T00:00:00Z
Q967859,Q215163,1982-01-01T00:00:00Z,1982-01-01T00:00:00Z
Q967859,Q1022904,1983-01-01T00:00:00Z,1983-01-01T00:00:00Z
Q967859,Q1424072,1984-01-01T00:00:00Z,1984-01-01T00:00:00Z
Q967859,Q2609,1984-01-01T00:00:00Z,1985-01-01T00:00:00Z
Q967859,Q218282,1985-01-01T00:00:00Z,1985-01-01T00:00:00Z
Q967859,Q170703,1987-01-01T00:00:00Z,1987-01-01T00:00:00Z
Q557760,Q18659,,
Q354475,Q1543,,
Q1080952,Q1380971,1974-07-01T00:00:00Z,1975-06-30T00:00:00Z
Q1080952,Q1886341,1975-07-01T00:00:00Z,1976-06-30T00:00:00Z
Q1080952,Q8615,1976-07-01T00:00:00Z,1979-03-12T00:00:00Z
Q1080952,Q1136016,1979-07-01T00:00:00Z,1980-06-30T00:00:00Z
Q1080952,Q1785447,1980-07-01T00:00:00Z,1983-06-30T00:00:00Z
Q1080952,Q1886,1983-07-01T00:00:00Z,1987-06-30T00:00:00Z
Q1080952,Q2798,1987-12-20T00:00:00Z,1989-06-30T00:00:00Z
Q1080952,Q298217,1989-07-01T00:00:00Z,1990-02-17T00:00:00Z
Q1080952,Q6630,1990-09-01T00:00:00Z,1991-06-30T00:00:00Z
Q1080952,Q1893,1991-11-17T00:00:00Z,1992-06-30T00:00:00Z
Q1080952,Q13391,1993-07-01T00:00:00Z,1993-11-20T00:00:00Z
Q1080952,Q289482,1993-11-22T00:00:00Z,1994-06-30T00:00:00Z
Q1080952,Q2768,1994-10-02T00:00:00Z,1995-12-09T00:00:00Z
Q1080952,Q759482,1996-11-09T00:00:00Z,1997-06-30T00:00:00Z
Q1080952,Q13391,1998-02-20T00:00:00Z,1999-06-30T00:00:00Z
Q1080952,Q6651,1999-08-20T00:00:00Z,2000-06-30T00:00:00Z
Q1080952,Q847587,2000-12-12T00:00:00Z,2001-03-27T00:00:00Z
Q1080952,Q1900,2001-12-20T00:00:00Z,2002-06-30T00:00:00Z
Q1080952,Q2674,2003-02-11T00:00:00Z,2003-06-30T00:00:00Z
Q1080952,Q20706646,2003-09-29T00:00:00Z,2004-01-28T00:00:00Z
Q1080952,Q2018,2004-10-31T00:00:00Z,2005-06-30T00:00:00Z
Q1080952,Q1900,2005-11-11T00:00:00Z,2006-06-13T00:00:00Z
Q1080952,Q6630,2006-11-14T00:00:00Z,2007-06-15T00:00:00Z
Q1080952,Q1900,2007-11-13T00:00:00Z,2007-12-24T00:00:00Z
Q1080952,Q6651,2008-09-25T00:00:00Z,2009-05-20T00:00:00Z
Q1080952,Q8643,2010-03-28T00:00:00Z,2010-04-15T00:00:00Z
Q2066281,Q19568,,
Q314599,Q8723,,
Q314599,Q272097,,
Q381262,Q19595,2014-01-01T00:00:00Z,2015-01-01T00:00:00Z
Q388959,Q13391,,
Q68067,Q6651,,
Q373776,Q190526,,
Q507043,Q8615,,
Q507043,Q6767,,
Q507043,Q430993,,
Q507043,Q16848949,,
Q507043,Q2693,,
Q507043,Q8416,,
Q507043,Q1457,,
Q507043,Q2037,,
Q507043,Q56542463,,
Q26580,Q297430,2006-07-01T00:00:00Z,2006-10-31T00:00:00Z
Q26580,Q297430,2007-03-13T00:00:00Z,2007-06-30T00:00:00Z
Q26580,Q6641,2007-12-28T00:00:00Z,2009-06-23T00:00:00Z
Q26580,Q1886,2009-09-21T00:00:00Z,2010-01-07T00:00:00Z
Q26580,Q2756,2010-05-23T00:00:00Z,2011-05-30T00:00:00Z
Q26580,Q1422,2011-05-31T00:00:00Z,2012-06-30T00:00:00Z
Q26580,Q1422,2012-12-09T00:00:00Z,2014-07-15T00:00:00Z
Q26580,Q676899,2014-08-19T00:00:00Z,2016-06-30T00:00:00Z
Q26580,Q9616,2016-07-01T00:00:00Z,2018-07-13T00:00:00Z
Q26580,Q631,2019-05-31T00:00:00Z,2021-05-26T00:00:00Z
Q26580,Q18741,2021-11-02T00:00:00Z,2023-03-26T00:00:00Z
Q26580,Q2641,2024-06-05T00:00:00Z,
Q1508164,Q622430,,
Q1508164,Q19589,,
Q502942,Q6641,,
Q967005,Q1380971,,
Q282551,Q289482,2022-01-01T00:00:00Z,2024-01-01T00:00:00Z
Q282551,Q2052,2024-06-03T00:00:00Z,
Q282551,Q631,2025-06-06T00:00:00Z,
Q1140277,Q2710,,
Q1087530,Q298314,,
Q556688,Q8639,2019-06-14T00:00:00Z,
Q556688,Q2739,2024-09-18T00:00:00Z,
Q705935,Q631,,
Q535475,Q1120838,,
Q613881,Q847587,1939-01-01T00:00:00Z,1939-01-01T00:00:00Z
Q613881,Q2641,1961-01-01T00:00:00Z,1961-01-01T00:00:00Z
Q460577,Q2641,,
Q2704759,Q6630,2004-07-01T00:00:00Z,2005-06-30T00:00:00Z
Q2704759,Q1900,2006-07-01T00:00:00Z,2006-12-17T00:00:00Z
Q2704759,Q1900,2007-02-26T00:00:00Z,2007-11-13T00:00:00Z
Q2704759,Q2756,2008-07-01T00:00:00Z,2009-10-29T00:00:00Z
Q2704759,Q2018,2010-05-30T00:00:00Z,2011-01-18T00:00:00Z
Q2704759,Q6664,2011-06-04T00:00:00Z,2011-10-30T00:00:00Z
Q2704759,Q6651,2013-07-02T00:00:00Z,2013-09-24T00:00:00Z
Q2704759,Q759482,2014-11-17T00:00:00Z,2015-06-14T00:00:00Z
Q2704759,Q6703,2015-06-15T00:00:00Z,2016-06-30T00:00:00Z
Q2704759,Q1457,2016-07-04T00:00:00Z,2019-06-19T00:00:00Z
Q2704759,Q1543,2019-06-19T00:00:00Z,2019-10-08T00:00:00Z
Q2704759,Q2768,2020-08-07T00:00:00Z,2021-01-18T00:00:00Z
Q2704759,Q1457,2022-01-19T00:00:00Z,2022-10-02T00:00:00Z
Q2704759,Q13391,2024-11-11T00:00:00Z,
Q3052298,Q759482,1982-04-26T00:00:00Z,1986-06-30T00:00:00Z
Q3052298,Q1120838,1986-07-01T00:00:00Z,1987-06-30T00:00:00Z
Q3052298,Q1886,1987-07-01T00:00:00Z,1990-06-30T00:00:00Z
Q3052298,Q2768,1990-07-01T00:00:00Z,1994-06-30T00:00:00Z
Q3052298,Q1886,1994-07-01T00:00:00Z,1998-06-30T00:00:00Z
Q3052298,Q2768,1998-07-01T00:00:00Z,2000-06-30T00:00:00Z
Q3052298,Q2641,2000-11-15T00:00:00Z,2001-05-23T00:00:00Z
Q3052298,Q1136016,2001-10-20T00:00:00Z,2002-05-06T00:00:00Z
Q3052298,Q1136016,2002-11-25T00:00:00Z,2003-02-11T00:00:00Z
Q3052298,Q2052,2004-02-10T00:00:00Z,2004-10-25T00:00:00Z
Q3052298,Q752483,2006-01-30T00:00:00Z,2007-06-19T00:00:00Z
Q3052298,Q759482,2007-07-01T00:00:00Z,2008-06-30T00:00:00Z
Q3052298,Q759482,2008-12-17T00:00:00Z,2009-03-26T00:00:00Z
Q3052298,Q752483,2009-09-28T00:00:00Z,2011-01-29T00:00:00Z
Q3052298,Q752483,2011-02-19T00:00:00Z,2011-06-17T00:00:00Z
Q3052298,Q8416,2012-01-30T00:00:00Z,2012-03-06T00:00:00Z
Q1280931,Q289482,1966-07-01T00:00:00Z,1968-02-18T00:00:00Z
Q1280931,Q611222,1968-07-01T00:00:00Z,1969-06-30T00:00:00Z
Q1280931,Q289482,1969-07-01T00:00:00Z,1971-06-30T00:00:00Z
Q1280931,Q6664,1971-07-01T00:00:00Z,1973-06-30T00:00:00Z
Q1280931,Q2052,1973-07-01T00:00:00Z,1974-06-30T00:00:00Z
Q1280931,Q1900,1974-12-09T00:00:00Z,1975-06-30T00:00:00Z
Q1280931,Q2768,1975-07-01T00:00:00Z,1980-02-04T00:00:00Z
Q1280931,Q1893,1980-07-01T00:00:00Z,1981-06-30T00:00:00Z
Q1280931,Q1543,1981-07-01T00:00:00Z,1982-01-24T00:00:00Z
Q1280931,Q6641,1983-03-14T00:00:00Z,1983-06-30T00:00:00Z
Q1280931,Q631,1983-07-01T00:00:00Z,1984-06-30T00:00:00Z
Q1280931,Q2768,1984-07-01T00:00:00Z,1988-12-12T00:00:00Z
Q1280931,Q2739,1989-07-01T00:00:00Z,1990-06-30T00:00:00Z
Q1280931,Q1893,1990-10-28T00:00:00Z,1991-06-30T00:00:00Z
Q1280931,Q2052,1991-10-06T00:00:00Z,1993-01-06T00:00:00Z
Q1280931,Q1900,1993-07-01T00:00:00Z,1993-09-05T00:00:00Z
Q1280931,Q2074,1995-07-01T00:00:00Z,1996-02-25T00:00:00Z
Q1280931,Q289482,1997-03-19T00:00:00Z,1997-10-05T00:00:00Z
Q645692,Q2756,1978-07-01T00:00:00Z,1979-06-30T00:00:00Z
Q645692,Q430993,1979-12-10T00:00:00Z,1980-06-30T00:00:00Z
Q645692,Q13381,1980-07-01T00:00:00Z,1981-06-30T00:00:00Z
Q645692,Q1886,1981-07-01T00:00:00Z,1983-06-30T00:00:00Z
Q645692,Q298217,1983-11-21T00:00:00Z,1984-06-30T00:00:00Z
Q645692,Q1120838,1984-07-01T00:00:00Z,1985-06-30T00:00:00Z
Q645692,Q2641,1985-07-01T00:00:00Z,1989-06-30T00:00:00Z
Q645692,Q2739,1990-07-01T00:00:00Z,1992-06-30T00:00:00Z
Q645692,Q2641,1992-11-22T00:00:00Z,1993-06-30T00:00:00Z
Q645692,Q631,1994-07-01T00:00:00Z,1995-09-25T00:00:00Z
Q645692,Q2052,2002-01-14T00:00:00Z,2002-03-31T00:00:00Z
Q954307,Q16320,2018-07-01T00:00:00Z,2019-12-20T00:00:00Z
Q954307,Q6651,2020-02-05T00:00:00Z,
Q1353173,Q1785447,,
Q923088,Q847587,2003-07-01T00:00:00Z,2004-06-10T00:00:00Z
Q923088,Q8408,2004-06-15T00:00:00Z,2006-01-22T00:00:00Z
Q923088,Q8408,2006-02-08T00:00:00Z,2006-06-05T00:00:00Z
Q923088,Q2693,2006-06-05T00:00:00Z,2007-02-12T00:00:00Z
Q923088,Q6721,2007-09-11T00:00:00Z,2008-06-11T00:00:00Z
Q923088,Q459794,2008-06-11T00:00:00Z,2009-06-05T00:00:00Z
Q923088,Q8603,2009-06-12T00:00:00Z,2010-06-09T00:00:00Z
Q923088,Q2037,2010-06-10T00:00:00Z,2011-06-02T00:00:00Z
Q923088,Q2674,2011-06-02T00:00:00Z,2011-08-31T00:00:00Z
Q923088,Q1893,2011-10-04T00:00:00Z,2014-01-07T00:00:00Z
Q923088,Q2609,2014-06-12T00:00:00Z,2016-04-03T00:00:00Z
Q923088,Q631,2016-11-08T00:00:00Z,2017-05-09T00:00:00Z
Q923088,Q2052,2017-06-06T00:00:00Z,2019-04-09T00:00:00Z
Q923088,Q1543,2019-10-09T00:00:00Z,2024-06-01T00:00:00Z
Q923088,Q482764,2024-09-18T00:00:00Z,
Q370838,Q1052365,2001-07-01T00:00:00Z,2002-06-30T00:00:00Z
Q370838,Q1279917,2002-07-01T00:00:00Z,2003-06-30T00:00:00Z
Q370838,Q6767,2003-07-01T00:00:00Z,2004-06-30T00:00:00Z
Q370838,Q8476,2004-07-01T00:00:00Z,2007-05-28T00:00:00Z
Q370838,Q1457,2007-07-01T00:00:00Z,2009-06-30T00:00:00Z
Q370838,Q2641,2009-10-06T00:00:00Z,2013-05-20T00:00:00Z
Q370838,Q631,2013-05-24T00:00:00Z,2014-11-14T00:00:00Z
Q370838,Q2714,2016-07-01T00:00:00Z,2017-05-22T00:00:00Z
Q370838,Q2768,2018-01-04T00:00:00Z,2020-02-04T00:00:00Z
Q370838,Q1900,2021-09-15T00:00:00Z,2022-05-02T00:00:00Z
Q370838,Q2641,2023-11-14T00:00:00Z,2024-02-19T00:00:00Z
Q3107201,Q257078,,
Q2032119,Q4005113,2013-11-19T00:00:00Z,2014-06-30T00:00:00Z
Q2032119,Q139399,2014-07-01T00:00:00Z,2016-08-14T00:00:00Z
Q2032119,Q2674,2016-09-06T00:00:00Z,2016-11-30T00:00:00Z
Q2032119,Q652516,2017-10-23T00:00:00Z,2018-06-30T00:00:00Z
Q2032119,Q8603,2018-07-01T00:00:00Z,2021-05-24T00:00:00Z
Q2032119,Q172969,2021-05-25T00:00:00Z,2022-07-11T00:00:00Z
Q2032119,Q19453,2022-09-18T00:00:00Z,2024-06-01T00:00:00Z
Q2032119,Q132885,2024-06-29T00:00:00Z,
Q516363,Q1543,,
Q3933080,Q289656,,
Q604969,Q2052,2019-12-23T00:00:00Z,
Q1091404,Q1893,2024-06-05T00:00:00Z,
Q1615609,Q19444,,
Q957291,Q4122219,2005-02-01T00:00:00Z,2006-05-01T00:00:00Z
Q15149,Q645684,1980-01-01T00:00:00Z,1983-01-01T00:00:00Z
Q15149,Q2442864,1983-01-01T00:00:00Z,1983-01-01T00:00:00Z
Q15149,Q584316,1984-01-01T00:00:00Z,1984-01-01T00:00:00Z
Q15149,Q872702,1985-01-01T00:00:00Z,1986-01-01T00:00:00Z
Q15149,Q2442864,1987-01-01T00:00:00Z,1987-01-01T00:00:00Z
Q15149,Q4348411,1987-01-01T00:00:00Z,1987-01-01T00:00:00Z
Q15149,Q663400,1988-01-01T00:00:00Z,1988-01-01T00:00:00Z
Q15149,Q134916,1988-01-01T00:00:00Z,1990-01-01T00:00:00Z
Q15149,Q170703,1991-01-01T00:00:00Z,1993-01-01T00:00:00Z
Q15149,Q1900,1994-01-01T00:00:00Z,1996-01-01T00:00:00Z
Q15149,Q1543,1996-01-01T00:00:00Z,1996-01-01T00:00:00Z
Q15149,Q271574,1997-01-01T00:00:00Z,1998-01-01T00:00:00Z
Q15149,Q1900,1998-01-01T00:00:00Z,1999-01-01T00:00:00Z
Q15149,Q215163,2001-01-01T00:00:00Z,2001-01-01T00:00:00Z
Q15149,Q170703,2002-01-01T00:00:00Z,2002-01-01T00:00:00Z
Q15149,Q134916,2006-01-01T00:00:00Z,2021-01-01T00:00:00Z
Q1062458,Q19595,,
Q1890969,Q1543,,
Q562201,Q56542608,,
Q925027,Q7156,,
Q396154,Q8648,2008-06-23T00:00:00Z,2009-01-27T00:00:00Z
Q396154,Q2710,2010-01-12T00:00:00Z,2011-06-22T00:00:00Z
Q396154,Q13391,2011-06-24T00:00:00Z,2011-12-04T00:00:00Z
Q396154,Q8603,2012-06-19T00:00:00Z,2014-01-28T00:00:00Z
Q396154,Q8603,2014-03-03T00:00:00Z,2017-06-12T00:00:00Z
Q396154,Q2739,2017-06-13T00:00:00Z,2019-03-07T00:00:00Z
Q396154,Q1900,2020-01-01T00:00:00Z,2021-02-01T00:00:00Z
Q396154,Q1457,2020-01-01T00:00:00Z,2021-01-01T00:00:00Z
Q396154,Q8639,2021-08-01T00:00:00Z,2021-09-01T00:00:00Z
Q396154,Q845043,2023-01-01T00:00:00Z,2024-01-01T00:00:00Z
Q396154,Q501245,2024-06-01T00:00:00Z,
Q367846,Q2739,2025-01-01T00:00:00Z,
Q2656692,Q1543,,
Q2445379,Q2300305,,
Q1381448,Q297416,,
Q919590,Q1543,,
Q1042372,Q289029,,
Q494319,Q13381,1998-01-01T00:00:00Z,1999-01-01T00:00:00Z
Q494319,Q8615,1999-01-01T00:00:00Z,2002-01-01T00:00:00Z
Q494319,Q56542463,2002-01-01T00:00:00Z,2003-01-01T00:00:00Z
Q494319,Q1886,2003-01-01T00:00:00Z,2004-01-01T00:00:00Z
Q494319,Q1893,2005-01-01T00:00:00Z,2006-01-01T00:00:00Z
Q494319,Q8428,2006-01-01T00:00:00Z,2007-01-01T00:00:00Z
Q494319,Q2756,2007-06-01T00:00:00Z,2007-11-12T00:00:00Z
Q494319,Q8603,2008-07-01T00:00:00Z,2009-06-01T00:00:00Z
Q494319,Q205998,2009-11-01T00:00:00Z,2010-09-15T00:00:00Z
Q494319,Q8639,2010-11-09T00:00:00Z,2015-11-30T00:00:00Z
Q494319,Q2074,2017-02-19T00:00:00Z,2017-04-10T00:00:00Z
Q494319,Q759482,2018-04-24T00:00:00Z,2018-11-04T00:00:00Z
Q494319,Q8428,2020-01-20T00:00:00Z,2021-01-01T00:00:00Z
Q494319,Q430993,2023-02-21T00:00:00Z,2023-06-01T00:00:00Z
Q494319,Q205998,2023-06-11T00:00:00Z,2024-01-24T00:00:00Z
Q494319,Q1159141,2023-06-11T00:00:00Z,2024-01-24T00:00:00Z
Q494319,Q202645,2023-06-11T00:00:00Z,2024-01-24T00:00:00Z
Q2846417,Q775805,2023-01-01T00:00:00Z,
Q2631653,Q3626520,1981-07-01T00:00:00Z,1982-06-30T00:00:00Z
Q2631653,Q2276413,1982-07-01T00:00:00Z,1983-06-30T00:00:00Z
Q2631653,Q2276413,1984-07-01T00:00:00Z,1986-06-30T00:00:00Z
Q2631653,Q8615,1986-07-01T00:00:00Z,1986-12-08T00:00:00Z
Q2631653,Q1451177,1987-07-01T00:00:00Z,1989-06-30T00:00:00Z
Q2631653,Q1279917,1989-07-01T00:00:00Z,1992-06-30T00:00:00Z
Q2631653,Q3763940,1992-07-01T00:00:00Z,1993-06-30T00:00:00Z
Q2631653,Q501245,1994-07-01T00:00:00Z,1994-09-12T00:00:00Z
Q2631653,Q501245,1994-12-15T00:00:00Z,1995-04-10T00:00:00Z
Q2631653,Q13391,1995-07-01T00:00:00Z,1997-06-30T00:00:00Z
Q2631653,Q1900,1997-07-01T00:00:00Z,1999-06-30T00:00:00Z
Q2631653,Q1457,1999-07-01T00:00:00Z,2000-06-30T00:00:00Z
Q2631653,Q2798,2001-12-12T00:00:00Z,2002-06-30T00:00:00Z
Q2631653,Q1900,2002-07-01T00:00:00Z,2003-11-24T00:00:00Z
Q2631653,Q2641,2004-07-01T00:00:00Z,2005-01-16T00:00:00Z
Q2631653,Q29390,2006-03-27T00:00:00Z,2006-06-30T00:00:00Z
Q2631653,Q8639,2006-12-25T00:00:00Z,2007-06-30T00:00:00Z
Q2631653,Q289613,2007-07-02T00:00:00Z,2009-04-20T00:00:00Z
Q2631653,Q6641,2009-06-27T00:00:00Z,2011-02-10T00:00:00Z
Q2631653,Q2768,2011-06-06T00:00:00Z,2016-06-25T00:00:00Z
Q2631653,Q676899,2016-07-19T00:00:00Z,2017-11-15T00:00:00Z
Q2631653,Q2037,2018-10-10T00:00:00Z,2018-11-13T00:00:00Z
Q678243,Q631,1936-01-01T00:00:00Z,1938-01-01T00:00:00Z
Q983138,Q2641,,
Q2255483,Q2641,,
Q1370535,Q80958,,
Q545682,Q205998,2006-01-01T00:00:00Z,2007-01-01T00:00:00Z
Q545682,Q18129096,2018-01-01T00:00:00Z,2020-01-01T00:00:00Z
Q545682,Q16838020,2020-05-09T00:00:00Z,2020-11-10T00:00:00Z
Q545682,Q1133689,2020-05-09T00:00:00Z,2020-11-10T00:00:00Z
Q545682,Q1133689,2020-05-09T00:00:00Z,2020-11-10T00:00:00Z
Q545682,Q245162,2023-07-09T00:00:00Z,2024-04-17T00:00:00Z
Q545682,Q202645,2023-07-09T00:00:00Z,2024-04-17T00:00:00Z
Q545682,Q221614,2023-07-09T00:00:00Z,2024-04-17T00:00:00Z
Q923131,Q298285,1996-07-01T00:00:00Z,1998-06-30T00:00:00Z
Q923131,Q19521,2001-01-05T00:00:00Z,2001-06-30T00:00:00Z
Q923131,Q503317,2002-07-01T00:00:00Z,2007-06-30T00:00:00Z
Q923131,Q210864,2007-07-01T00:00:00Z,2008-06-30T00:00:00Z
Q923131,Q19516,2008-07-01T00:00:00Z,2013-06-30T00:00:00Z
Q923131,Q2739,2013-07-01T00:00:00Z,2016-01-13T00:00:00Z
Q923131,Q132885,2016-10-20T00:00:00Z,2019-06-30T00:00:00Z
Q923131,Q704,2019-10-14T00:00:00Z,2021-06-30T00:00:00Z
Q923131,Q482764,2022-06-29T00:00:00Z,2023-06-15T00:00:00Z
Q923131,Q2641,2023-06-15T00:00:00Z,2023-11-14T00:00:00Z
Q923131,Q166776,2025-01-24T00:00:00Z,
Q681381,Q1543,,
Q986195,Q1543,,
Q1279343,Q18723,,
Q742534,Q19595,,
Q1024171,Q2609,2009-01-01T00:00:00Z,2010-01-01T00:00:00Z
Q1024171,Q8603,2024-03-01T00:00:00Z,2024-06-03T00:00:00Z
Q354529,Q13385,2004-06-01T00:00:00Z,2005-04-30T00:00:00Z
Q354529,Q6721,2005-06-19T00:00:00Z,2005-09-26T00:00:00Z
Q354529,Q6721,2006-03-17T00:00:00Z,2006-09-29T00:00:00Z
Q354529,Q944876,2007-06-01T00:00:00Z,2007-06-17T00:00:00Z
Q354529,Q8603,2007-06-17T00:00:00Z,2008-04-28T00:00:00Z
Q354529,Q1900,2008-04-29T00:00:00Z,2010-03-13T00:00:00Z
Q354529,Q1543,2010-05-25T00:00:00Z,2013-12-13T00:00:00Z
Q354529,Q1422,2014-07-16T00:00:00Z,2019-06-16T00:00:00Z
Q354529,Q1422,2021-07-01T00:00:00Z,2024-05-17T00:00:00Z
Q354529,Q1543,2025-05-30T00:00:00Z,
Q2591305,Q1543,,
Q1637407,Q7156,,
Q1637407,Q2297920,1949-01-01T00:00:00Z,1952-01-01T00:00:00Z
Q1637407,Q576521,1952-01-01T00:00:00Z,1953-01-01T00:00:00Z
Q1637407,Q12260,1952-01-01T00:00:00Z,1953-01-01T00:00:00Z
Q1637407,Q10319,1953-01-01T00:00:00Z,1956-01-01T00:00:00Z
Q1637407,Q10333,1956-01-01T00:00:00Z,
Q1637407,Q10333,1958-01-01T00:00:00Z,
Q1637407,Q10329,1959-01-01T00:00:00Z,1961-01-01T00:00:00Z
Q1637407,Q8749,1959-01-01T00:00:00Z,1959-01-01T00:00:00Z
Q1637407,Q7156,1961-01-01T00:00:00Z,1961-01-01T00:00:00Z
Q1637407,Q132885,1962-01-01T00:00:00Z,1963-01-01T00:00:00Z
Q1637407,Q2739,1964-01-01T00:00:00Z,1965-01-01T00:00:00Z
Q1637407,Q124518,1965-01-01T00:00:00Z,1966-01-01T00:00:00Z
Q123937,Q289112,,
Q1317738,Q845043,2018-12-19T00:00:00Z,2019-06-02T00:00:00Z
Q1317738,Q759482,2019-10-08T00:00:00Z,2020-01-08T00:00:00Z
Q1317738,Q8476,2020-01-01T00:00:00Z,2021-01-01T00:00:00Z
Q1317738,Q13391,2021-01-01T00:00:00Z,
Q3851429,Q6748,,
Q3770903,Q1543,,
Q578673,Q2710,1980-07-01T00:00:00Z,1981-06-30T00:00:00Z
Q578673,Q289613,1981-07-01T00:00:00Z,1982-06-30T00:00:00Z
Q578673,Q16344,1982-07-01T00:00:00Z,1983-06-30T00:00:00Z
Q578673,Q8428,1983-12-04T00:00:00Z,1984-02-26T00:00:00Z
Q578673,Q16344,1984-07-01T00:00:00Z,1985-06-30T00:00:00Z
Q578673,Q2052,1985-07-01T00:00:00Z,1986-06-30T00:00:00Z
Q578673,Q1120838,1987-07-01T00:00:00Z,1988-01-04T00:00:00Z
Q578673,Q6630,1990-01-28T00:00:00Z,1990-06-30T00:00:00Z
Q578673,Q2052,1993-01-06T00:00:00Z,1993-04-30T00:00:00Z
Q677456,Q1543,,
Q1489747,Q289707,,
Q3019103,Q289339,,
Q3894528,Q1543,,
Q3852721,Q2609,,
Q3852721,Q2087988,2000-07-01T00:00:00Z,2003-06-30T00:00:00Z
Q3852721,Q289696,2003-06-01T00:00:00Z,2005-05-30T00:00:00Z
Q3852721,Q2710,2005-06-09T00:00:00Z,2006-05-30T00:00:00Z
Q3852721,Q297430,2006-10-01T00:00:00Z,2007-02-13T00:00:00Z
Q3852721,Q298217,2007-06-18T00:00:00Z,2007-07-23T00:00:00Z
Q3852721,Q8639,2007-12-01T00:00:00Z,2008-01-27T00:00:00Z
Q3852721,Q16344,2008-08-23T00:00:00Z,2009-01-15T00:00:00Z
Q3852721,Q6721,2010-02-24T00:00:00Z,2010-05-30T00:00:00Z
Q3852721,Q16348,2010-06-06T00:00:00Z,2011-05-24T00:00:00Z
Q3852721,Q1508747,2011-06-06T00:00:00Z,2011-11-13T00:00:00Z
Q3852721,Q6703,2012-05-25T00:00:00Z,2015-05-04T00:00:00Z
Q3852721,Q2641,2015-05-11T00:00:00Z,2018-05-23T00:00:00Z
Q3852721,Q9616,2018-06-14T00:00:00Z,2019-06-16T00:00:00Z
Q3852721,Q1422,2019-06-16T00:00:00Z,2020-08-08T00:00:00Z
Q3852721,Q2609,2021-06-09T00:00:00Z,2024-03-12T00:00:00Z
Q361027,Q1543,,
Q519550,Q2714,,
Q317599,Q193481,2017-05-28T00:00:00Z,2018-03-06T00:00:00Z
Q317599,Q455971,2019-06-20T00:00:00Z,
Q3940276,Q6673,2002-01-01T00:00:00Z,2005-01-01T00:00:00Z
Q3940276,Q6651,2005-01-01T00:00:00Z,2006-01-01T00:00:00Z
Q3940276,Q6641,2006-01-01T00:00:00Z,2007-01-01T00:00:00Z
Q3940276,Q13381,2007-01-01T00:00:00Z,2009-01-01T00:00:00Z
Q3940276,Q56542463,2009-01-01T00:00:00Z,2011-01-01T00:00:00Z
Q3940276,Q8633,2011-01-01T00:00:00Z,2012-01-01T00:00:00Z
Q3940276,Q2018,2012-01-01T00:00:00Z,2014-01-01T00:00:00Z
Q3940276,Q2037,2014-01-01T00:00:00Z,2018-01-01T00:00:00Z
Q3940276,Q1900,2018-01-01T00:00:00Z,2020-01-01T00:00:00Z
Q3940276,Q289613,2022-07-01T00:00:00Z,
Q901237,Q8723,,
Q1785131,Q193749,2022-01-01T00:00:00Z,
Q4734615,Q2074,2019-06-01T00:00:00Z,2019-10-21T00:00:00Z
Q10346582,Q1323096,2007-07-01T00:00:00Z,2008-06-30T00:00:00Z
Q10346582,Q3349296,2008-07-01T00:00:00Z,2009-06-30T00:00:00Z
Q10346582,Q2980334,2009-07-01T00:00:00Z,2011-06-30T00:00:00Z
Q10346582,Q1023163,2011-06-07T00:00:00Z,2012-05-27T00:00:00Z
Q10346582,Q371136,2012-05-28T00:00:00Z,2013-06-09T00:00:00Z
Q10346582,Q128446,2013-06-10T00:00:00Z,2014-03-05T00:00:00Z
Q10346582,Q371136,2014-07-01T00:00:00Z,2015-06-30T00:00:00Z
Q10346582,Q75684,2015-07-01T00:00:00Z,2016-05-31T00:00:00Z
Q10346582,Q172969,2016-06-01T00:00:00Z,2019-06-10T00:00:00Z
Q10346582,Q2739,2019-06-10T00:00:00Z,2021-06-30T00:00:00Z
Q10346582,Q19516,2022-07-01T00:00:00Z,2024-06-05T00:00:00Z
Q10346582,Q1543,2024-06-13T00:00:00Z,2024-12-29T00:00:00Z
Q10346582,Q704,2025-01-31T00:00:00Z,
Q3851279,Q1543,,
Q3862936,Q845043,2017-06-14T00:00:00Z,2018-12-19T00:00:00Z
Q3862936,Q2768,2020-02-04T00:00:00Z,
Q3767704,Q6703,,
Q26696437,Q289613,2010-11-30T00:00:00Z,2011-02-21T00:00:00Z
Q26696437,Q13385,2014-12-08T00:00:00Z,2020-02-10T00:00:00Z
Q1464710,Q611222,,
Q1407829,Q13391,1969-04-14T00:00:00Z,1971-06-30T00:00:00Z
Q1407829,Q1120838,1971-07-01T00:00:00Z,1973-06-30T00:00:00Z
Q1407829,Q6664,1973-07-01T00:00:00Z,1975-06-30T00:00:00Z
Q1407829,Q1457,1975-07-01T00:00:00Z,1977-06-30T00:00:00Z
Q1407829,Q631,1977-07-01T00:00:00Z,1982-06-30T00:00:00Z
Q1407829,Q2768,1982-07-01T00:00:00Z,1984-06-30T00:00:00Z
Q1407829,Q1457,1984-07-01T00:00:00Z,1986-06-30T00:00:00Z
Q1407829,Q2052,1986-07-01T00:00:00Z,1987-06-30T00:00:00Z
Q1407829,Q298217,1987-10-25T00:00:00Z,1988-06-30T00:00:00Z
Q1407829,Q6630,1988-12-20T00:00:00Z,1990-01-27T00:00:00Z
Q1407829,Q1120838,1990-07-01T00:00:00Z,1991-06-30T00:00:00Z
Q1407829,Q8408,1991-07-01T00:00:00Z,1992-01-25T00:00:00Z
Q1407829,Q1893,1992-07-01T00:00:00Z,1993-02-27T00:00:00Z
Q1407829,Q289613,1994-02-07T00:00:00Z,1994-06-30T00:00:00Z
Q1407829,Q3747548,1995-07-01T00:00:00Z,1996-06-30T00:00:00Z
Q1407829,Q276089,1998-01-01T00:00:00Z,1999-12-31T00:00:00Z
Q1407829,Q1932104,2001-01-01T00:00:00Z,2001-12-31T00:00:00Z
Q1407829,Q429501,2002-01-01T00:00:00Z,2002-12-31T00:00:00Z
Q1407829,Q2647257,2006-03-29T00:00:00Z,2006-06-30T00:00:00Z
Q1337031,Q16344,1974-07-01T00:00:00Z,1980-06-30T00:00:00Z
Q1337031,Q2609,1980-07-01T00:00:00Z,1982-01-25T00:00:00Z
Q1337031,Q1543,1982-07-01T00:00:00Z,1984-03-26T00:00:00Z
Q1337031,Q631,1984-07-01T00:00:00Z,1985-11-10T00:00:00Z
Q1337031,Q6630,1986-11-10T00:00:00Z,1988-12-19T00:00:00Z
Q1337031,Q2710,1989-07-01T00:00:00Z,1989-09-25T00:00:00Z
Q1337031,Q289613,1991-09-16T00:00:00Z,1992-06-30T00:00:00Z
Q1337031,Q16344,1993-06-01T00:00:00Z,1995-03-18T00:00:00Z
Q1337031,Q16344,1998-04-05T00:00:00Z,1999-02-13T00:00:00Z
Q65127311,Q8603,,
Q65127311,Q3642591,,
Q65127311,Q3149156,,
Q65127311,Q2674,,
Q65127311,Q6703,,
Q65127311,Q501245,,
Q65127311,Q1512790,,
Q3838152,Q2798,2019-11-01T00:00:00Z,
Q113652572,Q11703711,2008-07-01T00:00:00Z,2009-06-01T00:00:00Z
Q113652572,Q16344,2008-07-01T00:00:00Z,2009-06-01T00:00:00Z
Q113652572,Q11703711,2010-07-01T00:00:00Z,2011-06-01T00:00:00Z
Q113652572,Q16348,2010-07-01T00:00:00Z,2011-06-01T00:00:00Z
Q113652572,Q11703711,2011-07-01T00:00:00Z,2011-12-01T00:00:00Z
Q113652572,Q1508747,2011-07-01T00:00:00Z,2011-12-01T00:00:00Z
Q113652572,Q11703711,2012-06-01T00:00:00Z,2015-06-01T00:00:00Z
Q113652572,Q6703,2012-06-01T00:00:00Z,2015-06-01T00:00:00Z
Q113652572,Q11703711,2015-07-01T00:00:00Z,2018-06-01T00:00:00Z
Q113652572,Q2641,2015-07-01T00:00:00Z,2018-06-01T00:00:00Z
Q113652572,Q11703711,2020-08-01T00:00:00Z,2021-02-01T00:00:00Z
Q113652572,Q1900,2020-08-01T00:00:00Z,2021-02-01T00:00:00Z
Q113652572,Q11703711,2021-07-01T00:00:00Z,2022-07-01T00:00:00Z
Q113652572,Q2641,2021-07-01T00:00:00Z,2022-07-01T00:00:00Z
Q113652572,Q174512,2022-07-01T00:00:00Z,
Q113652572,Q2641,2024-02-01T00:00:00Z,2024-06-01T00:00:00Z
,,,